salesforce_account_id,account_name,uc_dollars,non_uc_dollars,total_dollars,uc_pct,total_dbus
0016100001H7ECMAA3,Asda,1848622.21,397307.69,2245929.9,82.3,9212334.48
0016100001DxTdMAAV,LV=,525850.35,109039.66,634890.01,82.8,2653948.05
0016100001BLrRbAAL,Centrica PLC,94240.6,539839.71,634080.31,14.9,2475747.45
0014N00001ipDOEQA2,Rokos Capital Management,281899.14,100641.88,382541.02,73.7,989656.77
0016100001QbAXzAAN,Network Rail,76680.45,239417.11,316097.56,24.3,1366564.36
0016100001N2QELAA3,Nationwide Building SOCIETY,206470.19,77483.76,283953.95,72.7,892337.39
0016100001D74UDAAZ,Currys plc,110772.97,155850.67,266623.64,41.5,717906.83
0016100001H6kCbAAJ,LSEG,168190.41,81505.64,249696.04,67.4,1010180.11
0016100001OBoTIAA1,New Look,174359.42,37440.83,211800.25,82.3,425364.41
0016100001H6gJ8AAJ,Department for Environment  Food and Rural Affairs (DEFRA),77418.83,130415.58,207834.41,37.3,714784.82
0016100001H6KppAAF,NHS England,104387.76,85769.01,190156.76,54.9,512198.65
0018Y00002nIkyGQAS,NESO,84401.28,94337.39,178738.67,47.2,499683.95
0016100001H6kAoAAJ,Glencore,148869.49,28474.92,177344.41,83.9,525725.24
0013f000008oW7pAAE,Canada Life UK,144735.72,13095.77,157831.49,91.7,589394.87
0016100001WQmJhAAL,KPMG UK,72944.72,84008.43,156953.15,46.5,586746.9
00161000005eOe5AAE,Adobe Systems,20.85,150211.51,150232.35,0.0,2762728.46
0013f0000044JkNAAU,Standard Chartered Bank,61173.89,85123.45,146297.34,41.8,1165320.77
0016100001cf8yNAAQ,The Go-Ahead Group,97413.25,43954.15,141367.4,68.9,351975.02
0016100001D6uAZAAZ,SSE Services plc,110224.66,18016.73,128241.39,86.0,339459.01
0016100001Qb7xeAAB,Clydesdale Bank PLC  trading as Virgin Money,38033.79,80095.55,118129.34,32.2,337371.67
0016100001SQUNAAA5,QBE Insurance Group,67078.63,48726.78,115805.41,57.9,363055.21
0016100001H6kv2AAB,Markerstudy Insurance,73279.36,41743.8,115023.16,63.7,366011.12
0014N00001tQ1ozQAC,Canopius,86974.08,26157.09,113131.17,76.9,369839.82
0018Y00002scnyoQAA,Generic Business Subscription,44901.32,67214.04,112115.35,40.0,440263.0
0016100000U5DldAAF,Estee Lauder,20450.61,87136.77,107587.38,19.0,353870.7
0016100001IwB2AAAV,Foreign  Commonwealth & Development Office (FCDO),57546.19,47349.24,104895.43,54.9,424067.12
0016100001dPkezAAC,Insight Enterprises (HQ),83251.91,20412.19,103664.1,80.3,410427.96
0016100001WowE2AAJ,United Utilities Water Limited,63993.51,38740.29,102733.81,62.3,235528.1
0018Y00002vQXgrQAG,First Central Insurance,88334.41,12986.05,101320.46,87.2,356947.99
0016100001dRGXdAAO,ClearBank,19960.42,81235.89,101196.31,19.7,376488.72
0018Y00002lraYXQAY,Elexon Limited,80276.82,14422.89,94699.72,84.8,433749.63
0013f000005S8CnAAK,Royal London Group,68507.48,18535.81,87043.29,78.7,285432.63
0014N00001iH75bQAC,Lowell Financial Limited,3686.04,83321.11,87007.16,4.2,239401.74
0016100001WmbKcAAJ,Halfords,73831.03,13169.03,87000.06,84.9,244193.11
0016100001BJQsFAAX,Jacobs Engineering,82189.56,4651.91,86841.48,94.6,204644.96
0013f000008ocIRAAY,Ceres Power,41474.32,41080.36,82554.68,50.2,236787.97
0016100001H6kFSAAZ,Intact Insurance UK Limited,29030.11,49169.67,78199.78,37.1,204456.2
0013f000004QNMiAAO,Correla (fka Xoserve),9489.36,68088.27,77577.64,12.2,246891.56
0014N00001nflMCQAY,Chelsea FC Holdings Limited,47004.72,29105.1,76109.82,61.8,224140.65
0013f000004QQXtAAO,Quilter,59825.09,15959.8,75784.89,78.9,145304.86
0016100001H6KoNAAV,Kier Limited,48880.91,25538.97,74419.88,65.7,182311.27
0018Y000031EpVjQAK,OSB Group,0.0,71289.87,71289.87,0.0,150116.59
0016100001OE1DiAAL,Nuvei,44775.69,22721.35,67497.04,66.3,228630.81
0016100001BMe0xAAD,EDF UK,37915.84,29343.45,67259.3,56.4,226038.23
0016100001AUMOvAAP,Sony Electronics - GISC,10481.82,55544.72,66026.53,15.9,171668.66
0018Y00002qRcpHQAS,Inigo Insurance,34247.57,31209.85,65457.42,52.3,270728.03
0016100001WowGNAAZ,Skipton Building Society,49584.48,15857.22,65441.7,75.8,212202.43
0013f000005RTt0AAG,Phoenix Group Holdings PLC,56928.21,7286.64,64214.85,88.7,131920.69
0014N00002BCNMWQA5,Access Group,39761.62,23803.46,63565.07,62.6,269867.65
0013f0000044L0MAAU,Novuna,45675.72,17236.94,62912.67,72.6,361815.07
0016100001TPLKbAAP,Apax,54751.37,8138.89,62890.26,87.1,152298.1
0014N000020qc5VQAQ,Marex Group PLC,41577.12,20974.27,62551.39,66.5,122429.31
001Vp000007mWWJIA2,Vivo Energy,44781.33,16026.47,60807.8,73.6,158694.99
0014N00001neztoQAA,The White Company (U.K.) Limited,51464.43,7475.01,58939.44,87.3,246751.11
0014N00001g7sOjQAI,Two Circles Limited,18115.73,37792.55,55908.28,32.4,137267.22
0016100001H6k8sAAB,Driver and Vehicle Licensing Agency (DVLA),29643.58,25451.11,55094.69,53.8,185857.91
001Vp00000HlLiOIAV,pmmacro.com,35010.84,18908.38,53919.22,64.9,149860.66
0013f000008oynuAAA,ADSS,20.4,53148.31,53168.71,0.0,165499.88
0016100001N4PCUAA3,National Highways,10261.2,42064.18,52325.38,19.6,267711.15
0016100001H6kF0AAJ,Harbour Energy,35441.34,16167.54,51608.88,68.7,122877.14
0013f000003oaE2AAI,Greggs PLC,42296.22,9282.71,51578.93,82.0,120204.44
0014N00001nfDjRQAU,Animal Friends,33229.9,18053.83,51283.74,64.8,117783.74
00161000016w7k7AAA,Motor Insurers Bureau,3825.64,47184.14,51009.78,7.5,178964.56
0018Y000032TaLbQAK,Totalmobile,21.39,50940.02,50961.41,0.0,158041.15
0016100001dR1j0AAC,City Football Group,4569.02,46118.12,50687.15,9.0,198956.83
001Vp000004sYnCIAU,CFC,27889.2,22231.31,50120.51,55.6,144391.36
0016100001F1bHKAAZ,Metropolitan Police Service (Met Police),36188.62,11474.14,47662.76,75.9,109668.32
0016100001Xnas3AAB,North Atlantic Treaty Organization (NATO),38639.96,7952.99,46592.95,82.9,148077.4
001Vp000008QnACIA0,Bell Rock Capital Management LLP,27423.29,17815.1,45238.39,60.6,93486.84
0018Y00002kw84WQAQ,PEI Media,25149.99,19792.98,44942.97,56.0,310071.69
0016100001H7Z1pAAF,Lloyd's,9389.47,34946.13,44335.59,21.2,263448.85
0018Y00002kx8rRQAQ,Herbert Smith Freehills Kramer LLP,28193.18,15354.92,43548.09,64.7,125367.08
0016100001H6kBQAAZ,Howden Group Holdings,30877.77,12567.39,43445.16,71.1,161802.79
0016100001UfVuQAAV,Ecobank,32602.59,10126.42,42729.01,76.3,75169.46
0014N00001nfkJkQAI,Ruffer,29030.82,12587.11,41617.92,69.8,112041.44
0013f000005T3PBAA0,AB Agri,4739.63,35973.51,40713.14,11.6,126285.54
0016100001YhawrAAB,Grupo Bimbo,24856.75,15028.31,39885.06,62.3,140178.88
0013f0000042uX5AAI,CKHH Group,28340.5,11448.89,39789.39,71.2,140550.22
00161000005eOhnAAE,PepsiCo,39.88,39638.57,39678.45,0.1,176119.67
0014N000025i1CdQAI,Graphnet Health,0.37,38992.11,38992.48,0.0,146105.25
0014N000027QsIVQA0,Cabot Financial,3250.7,35592.81,38843.51,8.4,108883.02
00161000016wX1sAAE,Bank of England,19296.81,17575.31,36872.12,52.3,121768.6
0013f0000063eBGAAY,Hitachi Rail Ltd UK,28934.33,7826.76,36761.08,78.7,93125.12
0016100001WmEDEAA3,Bauer Media Outdoor,24082.43,11356.74,35439.17,68.0,75608.48
0018Y00002kxAIGQA2,Mizuho International PLC(UK),32026.82,3290.59,35317.41,90.7,113581.04
0016100001G1KDkAAN,DESNZ - Department for Energy Security and Net Zero,3590.58,30772.99,34363.57,10.4,88786.95
0018Y00002nHxyoQAC,Haleon,11850.63,22005.05,33855.68,35.0,112691.68
0016100001BItFqAAL,HomeServe Membership Limited,27966.19,5551.68,33517.86,83.4,96296.81
001Vp0000038xKeIAI,ACTIVEOPS PLC,29204.69,3999.52,33204.21,88.0,101482.86
0016100001H4PLfAAN,Department for Work and Pensions (DWP),0.0,33012.44,33012.44,0.0,87216.36
0016100000U5DlKAAV,CDW Corporation,20300.37,12523.39,32823.77,61.8,107796.44
0016100001IwC83AAF,Care Quality Commission,0.0,32692.63,32692.63,0.0,81857.78
0018Y00002fp8WDQAY,Petroineos Trading Limited,7502.02,24284.32,31786.34,23.6,125044.79
0013f000008p8m8AAA,Varonis,30453.47,395.52,30848.99,98.7,162952.52
0018Y000036eAw9QAE,Lane Clark & Peacock,23896.15,6821.3,30717.45,77.8,69997.04
0016100001H5p3qAAB,Celonis SE,14155.07,16414.1,30569.16,46.3,103657.92
0013f0000063dy9AAA,Sunbelt Rentals (Ashtead Group),5959.09,24006.44,29965.53,19.9,64091.6
0014N00001nfk88QAA,Helios Towers,13618.7,14635.65,28254.35,48.2,55437.46
0013f000008oSvaAAE,Ascot Group,18897.55,9190.22,28087.77,67.3,87183.16
0016100001SRyJrAAL,Proquire LLC,442.25,27520.08,27962.33,1.6,73360.11
0013f000004TKqnAAG,sales-i,11134.9,16405.48,27540.38,40.4,58704.15
0016100001G26J2AAJ,Valuation Office Agency,0.0,26539.87,26539.87,0.0,68444.98
001Vp000000hY9wIAE,Oxford University Hospitals NHS Foundation Trust,22157.35,3862.06,26019.42,85.2,80332.67
0016100001fRt1pAAC,Brit Group Services,0.49,25849.82,25850.31,0.0,101975.74
00161000005eOdvAAE,PWC (HQ),3612.28,22103.2,25715.48,14.0,87978.25
0018Y00002sc9PJQAY,GTR (Govia Thameslink Railway),0.0,25386.66,25386.66,0.0,53205.28
0014N00001iH75vQAC,OFCOM UK,4946.54,20379.25,25325.79,19.5,65106.37
0016100001BKNnJAAX,Kantar,908.34,24391.18,25299.52,3.6,175314.56
0018Y00002pLtVrQAK,Perch Group,14206.19,10739.16,24945.34,56.9,73977.07
0016100001QbxAzAAJ,Laing O'Rourke,10764.42,14101.42,24865.85,43.3,70987.35
0016100001XnalDAAR,Ramsay Health Care - HQ,23041.84,1745.22,24787.06,93.0,66153.52
001Vp00000BbBj6IAF,HIVE UNDERWRITING LIMITED,13715.1,10513.29,24228.39,56.6,167857.93
001Vp00000EyycNIAR,THE LEADERS ROMANS GROUP LIMITED,15890.42,7952.65,23843.07,66.6,35255.18
0018Y00002mzNWYQA2,Onyx Capital Group,19467.83,4361.9,23829.74,81.7,52136.79
001Vp00000WSGp1IAH,Hays Travel,14304.96,9409.34,23714.29,60.3,56845.32
0016100000U5Dp2AAF,UnitedHealth Group (UHG),36.94,23585.25,23622.19,0.2,94946.21
0014N00001nfDdxQAE,Landsec,18675.59,4929.89,23605.49,79.1,65322.65
0018Y00002yHgxWQAS,Premfina,10136.13,13349.12,23485.25,43.2,48768.04
0018Y00002o0SSZQA2,Reassured,21142.12,2247.39,23389.5,90.4,68950.18
0016100001XnY5CAAV,BSI Group,15932.49,7324.15,23256.65,68.5,154808.51
001Vp000008Gtf4IAC,Thomas Miller,18980.62,4218.11,23198.73,81.8,65331.02
0013f000005Qa0hAAC,Eversheds Sutherland LLP,17090.38,5881.51,22971.89,74.4,52251.81
00161000005eOjHAAU,E&Y (HQ),8182.27,14388.75,22571.02,36.3,218776.91
0013f0000065N99AAE,Pinewood Technologies PLC,15990.94,6540.98,22531.92,71.0,72702.36
00161000005eOkTAAU,Mars Information Services,2910.98,19403.92,22314.91,13.0,122774.74
001Vp000004D2odIAC,PEGO LIMITED,18328.12,3927.64,22255.75,82.4,51883.21
0013f000008ouFMAAY,Ninety One Asset Management,9031.28,13209.32,22240.61,40.6,401859.01
001Vp00000END34IAH,Mitsui Bussan Commodities Limited,13002.95,8631.62,21634.58,60.1,62677.46
0014N000025gUs6QAE,PureGym,15017.39,6444.88,21462.27,70.0,111345.79
0016100001TPKZBAA5,Imperial College London,8785.23,12659.6,21444.83,41.0,62212.55
0018Y00002m54GRQAY,Hanson Wade,17132.23,3733.33,20865.56,82.1,40550.03
001Vp000003Om0NIAS,OneOcean,4.24,20747.18,20751.41,0.0,81202.35
0013f000009gXbyAAE,Skan.ai,3560.34,17152.54,20712.87,17.2,43183.7
0013f0000063PV8AAM,Homes England,15706.25,4762.23,20468.48,76.7,77164.55
0016100001H6kE6AAJ,Northern Powergrid,306.0,20044.59,20350.59,1.5,33736.05
0018Y00002nIE5hQAG,Codat,10634.21,9361.93,19996.14,53.2,40884.7
0013f00000AiIO4AAN,Apollo Underwriting,11001.4,8900.3,19901.69,55.3,54742.95
0013f0000064c1UAAQ,Fable Data,16028.74,3773.95,19802.68,80.9,79777.95
0018Y00002kxAePQAU,Maritime and Coastguard Agency,13706.15,5943.03,19649.18,69.8,81644.83
0014N00001neshGQAQ,Footasylum,13259.83,6109.92,19369.75,68.5,52846.81
0013f000005Rz2kAAC,Office for Students (OfS),9905.35,9368.28,19273.63,51.4,75841.96
0013f0000065W5hAAE,VMED O2 UK Limited,86.58,19030.29,19116.88,0.5,166875.7
0014N00001nfkoYQAQ,Capquest,10651.12,8034.01,18685.13,57.0,50755.51
0013f000009dq1SAAQ,Sciensus,1664.3,16926.81,18591.11,9.0,101740.81
0018Y00002sfBe5QAE,RSM International (HQ),10728.19,7693.14,18421.33,58.2,29449.81
001Vp00000DIuPXIA1,tower-peak.com,1725.5,16574.06,18299.56,9.4,26768.13
0016100001WnABvAAN,Barts Health NHS Trust,13578.57,4643.15,18221.71,74.5,81778.41
001Vp00000VXUwmIAH,adura.com,17746.15,304.48,18050.63,98.3,35736.45
0014N00001g8igcQAA,AxiCorp Financial Services Pty Ltd,12106.29,5826.2,17932.49,67.5,32491.86
0018Y000036fEZnQAM,British Heart Foundation,10333.49,7569.26,17902.75,57.7,40608.29
0013f0000043L1CAAU,DrDoctor,13443.53,4315.2,17758.73,75.7,57009.68
0016100001H5p8SAAR,Hometrack Data Systems,4119.22,13552.24,17671.46,23.3,33445.27
0018Y000031DaqJQAS,Brompton Bicycle,12629.62,5014.87,17644.49,71.6,63084.38
0018Y00002qRbmoQAC,Setfords,13381.49,4241.96,17623.45,75.9,55444.61
0014N000027QfUFQA0,Just Group plc,14186.72,3322.88,17509.6,81.0,74825.93
0014N00001nfDuAQAU,Spirax Group,10988.03,6483.21,17471.24,62.9,37433.32
0018Y00002kwruVQAQ,Visit Britain,13912.67,3443.34,17356.01,80.2,60553.79
0018Y00002fpa5vQAA,more2,6737.91,10532.82,17270.73,39.0,49785.13
00161000005eObsAAE,Barclays Bank PLC,5627.51,11502.56,17130.08,32.9,188393.74
0014N00001nflLOQAY,Arsenal FC,10718.01,6384.09,17102.11,62.7,45489.05
0014N00001tQNH2QAO,TVS Motor Company,10946.53,6144.47,17091.0,64.0,45149.77
0016100001TPKd8AAH,Redgate Software,13834.44,3081.33,16915.77,81.8,31300.56
0014N00001iGp87QAC,Egress Software Technologies,0.0,16909.68,16909.68,0.0,70401.69
001Vp000005MFk0IAG,Equiti Capital,9132.72,7772.16,16904.88,54.0,45856.66
0014N00001g8nUGQAY,EY UK,0.0,16810.31,16810.31,0.0,97632.22
0018Y00002zJ1FqQAK,Low Carbon Contracts Company,0.0,16544.38,16544.38,0.0,56079.83
0018Y000031DnQdQAK,Airband,5422.49,11064.68,16487.17,32.9,24983.78
0013f000008oxLiAAI,Space NK,13526.34,2849.36,16375.71,82.6,41148.69
0018Y00002m4e5jQAA,Exinity,10772.94,5460.19,16233.14,66.4,43021.52
0016100001arxpqAAA,Access Bank,0.0,16126.76,16126.76,0.0,36278.25
0018Y00002fpp0aQAA,Notting Hill Genesis,7271.42,8786.21,16057.63,45.3,58433.9
0016100001dRGSEAA4,Tata Steel Netherlands B.V.,0.0,16008.09,16008.09,0.0,39547.03
0013f000009eUNaAAM,Leeds Building Society,11680.83,3934.15,15614.98,74.8,128215.47
0018Y00003492rYQAQ,IQUW Syndicate Management Limited,11204.67,4199.19,15403.87,72.7,85219.34
0014N00002D93z3QAB,PIB Group,458.24,14716.21,15174.45,3.0,49959.55
0016100001TPKp4AAH,Berkeley Research Group LLC,1620.66,13504.91,15125.57,10.7,155286.38
0013f0000063sIfAAI,Department for Health and Social Care,10223.94,4612.25,14836.19,68.9,31956.92
001Vp000009CNbdIAG,Assosia,7880.56,6938.02,14818.57,53.2,40777.48
0016100001XnZsSAAV,Vinci,11215.93,3476.92,14692.85,76.3,32016.02
0013f00000Aid8FAAR,Office of Rail & Road UK,7154.69,7125.98,14280.67,50.1,19073.06
0016100001E0872AAB,TalkTalk,9432.0,4766.89,14198.89,66.4,54574.42
001Vp000004uaF1IAI,Peabody,8878.59,5277.56,14156.15,62.7,25604.16
001Vp00000391heIAA,Lloyds Clinical,11355.76,2754.57,14110.33,80.5,73839.84
001Vp00000VoKPtIAN,McQueens Dairies,9421.8,4489.3,13911.1,67.7,38421.59
0014N00001nfDqXQAU,Amey,9717.66,4027.89,13745.55,70.7,29379.15
0016100001DwjhvAAB,Met Office,0.0,13704.56,13704.56,0.0,46102.65
0016100001WoQflAAF,AlixPartners LLP,8178.01,5403.84,13581.85,60.2,20200.39
0018Y00002o0QlbQAE,Verastar LTD,10598.84,2900.42,13499.26,78.5,29953.06
0014N00001g7CmxQAE,The AA,11658.57,1796.66,13455.23,86.6,177344.67
001Vp000001SttvIAC,Supporting Education Group,4339.04,9100.57,13439.61,32.3,29854.03
001Vp00000GqC8kIAF,eastmidlandsrailway.co.uk,9349.39,3892.55,13241.95,70.6,17325.67
0016100001fQQO5AAO,Ministry of Housing  Communities and Local Government (MHCLG),9029.94,4089.21,13119.16,68.8,85659.95
0014N00001wsCCAQA2,The British Red Cross Society,8796.28,4262.75,13059.04,67.4,26567.23
0016100001D74F2AAJ,Home Office UK,0.0,12844.33,12844.33,0.0,45536.19
0016100001XnYSpAAN,Everest,2824.01,9716.17,12540.18,22.5,140990.58
0018Y00002vRDPrQAO,Royal National Lifeboat Institution (RNLI),6066.76,6239.49,12306.25,49.3,25225.39
0013f000009fvcJAAQ,1E Limited,7763.09,4455.28,12218.37,63.5,26781.82
0016100001H6kFmAAJ,Scottish Water,0.0,12138.01,12138.01,0.0,31682.35
0013f000005Sh7VAAS,Ceta Insurance,3472.28,8576.73,12049.01,28.8,39431.18
0016100001H4PLLAA3,Ministry of Justice - MoJ - (UK),179.29,11411.01,11590.29,1.5,45675.69
0014N00001tMv1pQAC,Manchester United,8209.13,3369.98,11579.12,70.9,48535.55
0013f0000042iKHAAY,Avanade NL,5852.62,5619.9,11472.52,51.0,85129.94
0018Y0000347JbKQAU,The Associated Board of the Royal Schools of Music,0.0,11427.35,11427.35,0.0,22968.1
001Vp0000016m6NIAQ,OCU Group Limited,6724.7,4610.18,11334.89,59.3,27804.39
0013f00000434TSAAY,Commify,7054.16,4035.77,11089.93,63.6,27254.37
0018Y0000348g7jQAA,Cult Wines,6774.31,4234.56,11008.88,61.5,61049.14
0016100001cfkwLAAQ,Brightwell Pensions,3961.75,6871.38,10833.12,36.6,31182.85
0013f000009eUZgAAM,Our Future Health,5788.89,4932.72,10721.61,54.0,48694.57
0013f000005Qa0mAAC,Freshfields,7638.57,2890.35,10528.92,72.5,32416.12
0016100001DzUR6AAN,Anglian Water Services,1148.85,9345.68,10494.54,10.9,51477.3
0014N000025gtgdQAA,Retail-Insights EMEA,9721.75,676.76,10398.52,93.5,22275.7
0018Y00002m54CpQAI,ClubSpark,0.81,10386.04,10386.85,0.0,21492.26
001Vp000004HCU6IAO,advania.co.uk,6218.16,4121.2,10339.36,60.1,14366.13
001Vp0000095nr2IAA,MAXIMUS UK SERVICES LIMITED,1973.49,8316.13,10289.63,19.2,18377.75
0013f000009g6seAAA,ZigZag Global Ltd,7791.9,2280.65,10072.55,77.4,44661.72
0016100001H6kAtAAJ,Good Energy,6526.38,3511.42,10037.8,65.0,25572.29
0016100001EzKTUAA3,Telefónica Tech (UK),2813.77,7212.75,10026.52,28.1,46035.41
0018Y000031Ch2VQAS,Whittard of Chelsea,7995.42,1984.03,9979.45,80.1,24885.99
001Vp000008RJwpIAG,Un:Hurd,4487.24,5470.34,9957.58,45.1,18155.83
0018Y0000348BrAQAU,PetroStrat Ltd,5390.82,4548.92,9939.74,54.2,21781.51
0016100001H6kvNAAR,Stena,5271.07,4647.0,9918.08,53.1,15699.56
001Vp000006hMwJIAU,Vivid Housing,6848.01,2837.3,9685.31,70.7,32961.47
0016100000UNXrEAAX,Ryan,2410.33,7235.62,9645.95,25.0,32112.09
0013f000005SaFOAA0,The Crown Estate,2198.25,7427.61,9625.86,22.8,51143.3
0018Y00002qRmqAQAS,Castle Water Ltd,0.0,9615.35,9615.35,0.0,33271.1
001Vp0000038zkoIAA,Slimming World,8006.13,1586.33,9592.46,83.5,39284.81
0016100001TPJZOAA5,Veeam,493.77,9058.6,9552.38,5.2,44191.85
001Vp000007ILqBIAW,A-Safe Group Ltd,6735.7,2645.69,9381.39,71.8,22157.96
0013f000008p5ERAAY,PwC México,3454.46,5896.94,9351.41,36.9,47501.87
001Vp00000ImFgkIAF,intellipen.cloud,6876.84,2472.86,9349.69,73.6,29375.91
0016100001WnTl5AAF,NHS Wales Informatics Service,5317.46,3985.62,9303.09,57.2,18805.77
0018Y00002vPkc7QAC,British Sugar,8437.77,816.65,9254.42,91.2,18717.92
0016100001QciS7AAJ,Conseillers en Gestion et Informatique CGI Inc. (HQ),227.61,8991.39,9219.0,2.5,74900.01
0018Y00002qRx4pQAC,Bristow and Sutor,7217.97,1977.66,9195.63,78.5,23042.51
001Vp00000CU19TIAT,Home Instead UK,6803.71,2150.68,8954.39,76.0,28652.53
00161000016xkv5AAA,National Grid,588.14,8256.79,8844.93,6.6,17099.16
0018Y000036dcdOQAQ,GB News,0.0,8771.33,8771.33,0.0,22073.17
0016100001H6gEcAAJ,Driver & Vehicle Standards Agency (DVSA),3127.18,5622.21,8749.39,35.7,16777.42
0018Y00002fqNnRQAU,Humber Teaching NHS Foundation Trust,6185.89,2525.27,8711.16,71.0,46610.18
0018Y00002o14auQAA,NHS Arden and GEM CSU,6965.15,1644.98,8610.13,80.9,22396.14
0016100001ODqdBAAT,Sodexo,1119.14,7314.59,8433.74,13.3,20724.56
0018Y000036eSSaQAM,Seer 365,633.61,7784.38,8417.99,7.5,28908.39
0016100001H6k7IAAR,BioCatch,0.0,8407.15,8407.15,0.0,90390.39
001Vp000003fLgSIAU,Newton Consulting,6375.7,2010.01,8385.71,76.0,18055.55
0014N000020rtdYQAQ,Qualitest,2703.47,5651.22,8354.69,32.4,16875.18
0016100001H6k74AAB,Baillie Gifford,34.35,8262.48,8296.83,0.4,10101.05
0013f00000Ai9wEAAR,E&Y - EMEA,0.0,8234.25,8234.25,0.0,36953.57
0018Y0000348VWbQAM,Baker Ross,6197.14,1998.2,8195.34,75.6,12493.62
001Vp00000Ph7hOIAR,BDR Group,3547.91,4551.43,8099.34,43.8,12166.37
0016100001XpU3mAAF,Retail Insights,0.0,8036.03,8036.03,0.0,23635.37
001Vp00000KdN66IAF,razorbill.media,2927.51,5100.9,8028.42,36.5,11283.02
0018Y00002scE6lQAE,DELOITTE LLP,162.85,7789.21,7952.06,2.0,44711.42
0013f000004SaCHAA0,Domino's Pizza UK & Ireland Ltd,701.61,7243.18,7944.79,8.8,42411.2
0016100000gLdzsAAC,Accenture (HQ),1144.28,6778.94,7923.22,14.4,15068.78
0018Y000032T1dZQAS,Montagu,2535.53,5381.82,7917.35,32.0,13281.3
001Vp00000MWm6UIAT,Somerset Bridge Shared Services Limited,4852.9,2960.33,7813.23,62.1,18790.88
0016100001H6kExAAJ,Portsmouth Water,55.39,7729.87,7785.25,0.7,17310.43
0013f00000642xpAAA,Pladis Global,0.0,7748.33,7748.33,0.0,47197.17
001Vp00000MMZwxIAH,Kortext,0.0,7682.65,7682.65,0.0,16457.78
0018Y00002yEfycQAC,Leeds City Council,0.0,7444.15,7444.15,0.0,15739.97
0016100001QfEvgAAF,OT Technology  LLC,5573.35,1847.79,7421.14,75.1,37008.09
0018Y00002yGCzgQAG,Kubrick Group,2158.64,5214.74,7373.37,29.3,12136.57
0016100001H5p4AAAR,Daily Mail,6261.5,1079.07,7340.56,85.3,24793.28
0016100001WoYwHAAV,Softcat PLC,4599.16,2620.87,7220.04,63.7,34132.71
001Vp00000395LUIAY,Fintru Limited,5785.62,1406.77,7192.39,80.4,14026.36
001Vp00000Rk2dcIAB,ZODIAC MARITIME LIMITED,3596.89,3460.15,7057.04,51.0,10230.56
0013f000009deGMAAY,Smoove,2460.13,4591.86,7051.99,34.9,39799.89
0018Y000036faI7QAI,Datapharm,3289.65,3682.68,6972.33,47.2,51757.95
001Vp00000XIhQ8IAL,lawfrontgroup.com,3438.97,3511.93,6950.9,49.5,20437.06
0014N00001ncWZ7QAM,Away Resorts,0.0,6866.74,6866.74,0.0,23760.36
0018Y00002sd2kIQAQ,HITACHI EUROPE LIMITED,845.67,5990.7,6836.37,12.4,26166.13
001Vp00000456iRIAQ,Inizio Health,4805.83,1992.54,6798.37,70.7,49039.13
001Vp000009kEEGIA2,Maidstone and Tunbridge Wells NHS Trust,2249.06,4543.51,6792.58,33.1,23611.28
0013f000005ScCYAA0,C. Hoare & Co.,2557.14,4199.75,6756.89,37.8,16980.84
001Vp00000LM5EgIAL,NATIONAL GAS TRANSMISSION PLC,6353.31,344.13,6697.44,94.9,14704.71
0014N000027OvJRQA0,Persimmon Homes,1472.16,5090.33,6562.5,22.4,54814.82
0016100001N1A5cAAF,The Pensions Regulator (TPR),0.0,6562.34,6562.34,0.0,13827.49
0014N000027QlkyQAC,Department for Science  Innovation & Technology (DSIT),2530.76,3865.22,6395.97,39.6,60621.12
0016100001H6kDNAAZ,Atto,34.77,6350.82,6385.6,0.5,13084.46
0016100001XnY02AAF,Ipsos,600.87,5775.81,6376.68,9.4,15114.07
0018Y00002zJ1GUQA0,CIL MANAGEMENT CONSULTANTS LIMITED,5104.37,1267.42,6371.79,80.1,11461.32
0013f000004S4duAAC,Clarksons Pl,5507.88,848.33,6356.21,86.7,28771.84
0016100001Vd1VKAAZ,Sports Direct,6004.27,292.33,6296.6,95.4,20989.35
001Vp0000096DqJIAU,Worknest,0.0,5872.65,5872.65,0.0,20322.62
0016100001Qci5NAAR,Unisys,3676.75,2185.23,5861.98,62.7,24866.01
0018Y000036eum5QAA,Alder Hey Children's Hospital NHS Foundation Trust,2945.48,2910.68,5856.16,50.3,27714.56
0018Y00002fsRWuQAM,Cumberland Building Society,4756.47,1040.87,5797.34,82.0,23994.31
0016100001Iuzm4AAB,The Body Shop,2648.49,3121.27,5769.76,45.9,11107.57
0014N00002D8OgVQAV,Northern Care Alliance NHS Foundation Trust,2568.66,3186.46,5755.12,44.6,12565.24
001Vp000005mlwQIAQ,International Schools Partnership,3189.91,2519.77,5709.68,55.9,19672.67
001Vp00000FxAtyIAF,INSPIRED EDUCATION HOLDINGS LIMITED,1018.51,4688.2,5706.71,17.8,7939.95
0014N00001nfjwqQAA,Actis,2349.35,3284.56,5633.91,41.7,24210.14
001Vp0000033XCOIA2,CIRCYL LIMITED,45.19,5584.58,5629.77,0.8,14449.94
0013f000008oynzAAA,Amplius,9.58,5580.1,5589.68,0.2,19090.82
0018Y00002zJ1FvQAK,CALA GROUP (HOLDINGS) LIMITED,0.0,5534.58,5534.58,0.0,13878.6
001Vp00000YmkjJIAR,WINTERBOTHAM DARBY & CO.LIMITED,1334.29,4157.68,5491.97,24.3,10753.71
0016100001fQSRXAA4,El Al Israel Airlines,4160.61,1305.89,5466.5,76.1,20178.46
001Vp00000FG7WPIA1,SIMPLIFY GROUP LIMITED,2947.1,2296.79,5243.88,56.2,23130.08
0014N00001netJ4QAI,Flagstone,1852.49,3332.69,5185.18,35.7,22394.25
0018Y00002seuqUQAQ,Inbox Insight Ltd,4535.02,616.77,5151.79,88.0,9456.92
0018Y00002yGyB2QAK,Nuclear AMRC,1804.04,3340.25,5144.3,35.1,11557.3
0018Y000031Cm3GQAS,Enable,2099.56,2957.94,5057.5,41.5,21238.42
0016100001BItHWAA1,Matillion,0.0,4966.12,4966.12,0.0,10333.44
0014N00001iGaOwQAK,Pollinate International,218.41,4742.95,4961.36,4.4,23037.42
001Vp0000033enHIAQ,Leadway Assurance,0.0,4957.17,4957.17,0.0,12463.24
0013f000009fns4AAA,EV Cargo Technology UK Limited,1098.07,3756.14,4854.2,22.6,9245.32
0018Y00002m547lQAA,Chambers and Partners,3370.27,1455.54,4825.81,69.8,19035.38
0013f0000064lLFAAY,Sesame Bankhall Group (SBG),4318.2,495.48,4813.68,89.7,9151.0
0018Y00002sdTVAQA2,Manuka AI Limited (HQ),481.12,4329.85,4810.98,10.0,17238.81
0016100001G26HUAAZ,Aclara Technologies,0.0,4810.11,4810.11,0.0,20529.38
0013f000008oxLsAAI,JMAN Group,2303.13,2501.85,4804.98,47.9,18856.66
001Vp0000033dg1IAA,West of England CA,2861.3,1909.98,4771.28,60.0,19387.33
0013f000009ekt9AAA,Sovereign Housing Association,4.8,4763.82,4768.62,0.1,11368.55
001Vp00000Isv3nIAB,Harbr Data LTD,260.04,4477.12,4737.16,5.5,12536.66
0014N00001g86bXQAQ,Tata Consultancy Services Limited,59.54,4657.75,4717.29,1.3,14894.4
0018Y00002r5KLkQAM,Connected Kerb,2678.19,2039.07,4717.27,56.8,12252.02
0018Y0000347qw8QAA,InterGen,3513.55,1163.51,4677.06,75.1,12424.56
001Vp0000038t7UIAQ,DATASHAPA LIMITED,3971.5,699.82,4671.32,85.0,9299.35
001Vp00000Q66NDIAZ,Clarion Events,2389.52,2272.54,4662.06,51.3,13211.04
001Vp000003970bIAA,Pogust Goodhead,68.23,4564.95,4633.18,1.5,10978.39
001Vp000007IPTwIAO,Quickline,1892.4,2695.85,4588.26,41.2,7888.72
0018Y00002m4sBWQAY,H&T Group plc,2279.56,2274.02,4553.58,50.1,28668.24
0016100001E08I6AAJ,Southern Water,1777.26,2758.87,4536.13,39.2,48388.14
0016100001Qci5cAAB,Worldwide Clinical Trials,2.94,4511.48,4514.42,0.1,13260.3
0013f000004TJ0hAAG,Algebris Investments (Asia) Pte. Ltd.,1037.88,3470.12,4507.99,23.0,83613.71
001Vp00000OxStiIAF,MICHELDEVER GROUP LIMITED,2600.47,1900.0,4500.47,57.8,44732.12
001Vp00000MMbnRIAT,GORE STREET CAPITAL LIMITED,2808.71,1608.64,4417.36,63.6,11146.93
0014N00001nfDdJQAU,Costain,3967.95,442.36,4410.3,90.0,8910.1
0018Y000034808FQAQ,Hamilton Insurance Group,2685.93,1710.73,4396.66,61.1,83680.84
0016100001SRNLcAAP,Hallo,0.0,4382.65,4382.65,0.0,9381.47
0018Y000036f0bzQAA,Transparity Solutions Limited,3714.69,660.74,4375.43,84.9,17576.72
0018Y00002kw0GEQAY,MHR,4081.67,292.29,4373.96,93.3,17478.86
0013f000009fkJZAAY,Scalene Group,3310.48,1060.56,4371.05,75.7,9353.79
0014N000027PUJYQA4,University Of Salford,2851.9,1457.14,4309.04,66.2,26567.91
0013f00000AhoO7AAJ,Simply Asset Finance,0.0,4241.91,4241.91,0.0,14677.88
001Vp00000HAolAIAT,St Mungo's,0.0,4224.68,4224.68,0.0,10519.74
0016100001SQwKAAA1,Distribution Technology,2181.46,2007.86,4189.32,52.1,6647.16
001Vp00000Mo1AnIAJ,GenderGP Limited,4103.5,82.8,4186.3,98.0,8948.53
001Vp000009zt8uIAA,Breathe Battery Technologies,2789.99,1369.7,4159.69,67.1,33142.06
0018Y00002sflrJQAQ,SCGA - Groupe Atlantic,3220.24,920.26,4140.5,77.8,18863.24
001Vp00000KEuWfIAL,shawgibbs.com,3317.46,797.99,4115.46,80.6,23575.25
0018Y000036eAtAQAU,Hurst Point Group,2060.41,2047.19,4107.6,50.2,20670.15
0014N00001iH92bQAC,Coeo Limited,3073.89,1019.98,4093.88,75.1,16733.88
0018Y00002vRoxAQAS,RSSB,1564.9,2476.26,4041.16,38.7,10167.74
0018Y00002nIOoUQAW,Nimbus Property Systems,0.0,4034.38,4034.38,0.0,11672.15
0018Y00002vRpUPQA0,Waterstons Ltd,1554.21,2456.38,4010.59,38.8,35176.13
0014N00001nfkCZQAY,Mattioli Woods,895.46,3091.91,3987.37,22.5,17755.45
001Vp00000DBvtFIAT,Age UK,2645.93,1340.79,3986.72,66.4,34753.79
0013f00000644QBAAY,Bristol City Council,0.0,3971.91,3971.91,0.0,17002.2
0018Y00002frEN4QAM,Martin,16.3,3955.27,3971.58,0.4,18406.55
0018Y00002fqhGAQAY,M6toll,2495.92,1440.78,3936.7,63.4,7500.51
0016100001SRVN5AAP,Crown Consulting,29.94,3870.37,3900.31,0.8,13274.79
0016100001WoXd8AAF,CACI Ltd,1729.55,2158.25,3887.8,44.5,7339.63
0018Y00002r5sblQAA,Briggs Equipment UK Ltd,2275.33,1582.31,3857.64,59.0,6564.43
001Vp000009fGLYIA2,OPEN GI PROJECTS LIMITED,2569.89,1285.65,3855.54,66.7,6082.45
0018Y00002yHgwiQAC,Perbak Capital,0.0,3813.11,3813.11,0.0,9595.74
0014N00001g7yQ1QAI,L&Q,0.0,3800.13,3800.13,0.0,12705.69
0016100001F1bGbAAJ,Capita Plc,1410.82,2352.79,3763.61,37.5,16208.9
001Vp00000LECoVIAX,BARBICAN (PRECIOUS METALS) LIMITED,2814.81,938.23,3753.03,75.0,7720.3
0018Y00002vQ9kkQAC,Human Data Sciences,2992.96,749.01,3741.97,80.0,9495.17
001Vp00000D9Y35IAF,Moody's Analytics - Asset Management Business Unit,29.01,3705.58,3734.59,0.8,11385.91
001Vp0000033aFOIAY,thought-train.co,1252.1,2427.35,3679.45,34.0,18229.66
0014N00001nfkOkQAI,Zonal Retail,1597.83,2070.5,3668.33,43.6,33526.41
0018Y000031E8xEQAS,Data Cubed Ltd,1269.05,2377.1,3646.14,34.8,33646.23
001Vp0000033aDaIAI,Anumana Limited,1856.61,1726.8,3583.41,51.8,9319.4
001Vp000001VcqFIAS,Buckinghamshire Healthcare NHS Trust,3390.81,186.35,3577.15,94.8,9368.78
001Vp00000CoVkzIAF,RED ENGINE  LLC,2255.68,1306.83,3562.51,63.3,6544.67
001Vp000003i09AIAQ,LV= Life & Pensions,0.0,3550.83,3550.83,0.0,8866.55
001Vp0000062jgqIAA,NHS CFA,1088.73,2450.53,3539.25,30.8,20083.61
0013f000005STgmAAG,Calastone,1339.72,2187.44,3527.16,38.0,14416.32
0018Y00002yHgxCQAS,Everyman Media Group,0.0,3524.36,3524.36,0.0,10634.25
001Vp00000Ie1UTIAZ,Indra Renewable Technologies,2664.88,836.8,3501.68,76.1,8243.54
001Vp00000ZsirEIAR,STORAL LEARNING LTD,3254.48,233.65,3488.13,93.3,8753.17
0013f000004TCizAAG,Aiimi,8.04,3466.77,3474.81,0.2,9954.27
0016100001YhDzcAAF,London Borough of Tower Hamlets,2316.13,1150.44,3466.57,66.8,8109.63
0018Y00002sd2oUQAQ,Simmons & Simmons LLP,1.53,3461.06,3462.59,0.0,7071.53
0014N00001wsDd3QAE,Cornerstone Telecommunications Infrastructure Limited,669.32,2791.95,3461.28,19.3,6985.54
0018Y000031D0h1QAC,Raven Housing Trust,1669.0,1783.43,3452.42,48.3,11015.5
0013f000004QzhXAAS,Nest Pensions,506.28,2944.75,3451.03,14.7,23041.5
0013f000009dUnOAAU,NMC Healthcare,0.0,3448.01,3448.01,0.0,7187.31
001Vp000006zl3cIAA,Situ,1570.46,1865.23,3435.69,45.7,9498.17
0016100001WowGDAAZ,Lookers,0.0,3432.95,3432.95,0.0,8639.06
001Vp0000033W6cIAE,Terraquest Group Limited,2001.71,1424.77,3426.49,58.4,6836.99
001Vp00000SZ3cPIAT,Bridgehaven Insurance,1742.41,1677.28,3419.68,51.0,5491.87
0016100001WowHQAAZ,Manchester University Hospitals NHS Foundation Trust (MFT),2205.56,1181.12,3386.68,65.1,13932.29
0018Y00002sd2nNQAQ,Irwin Mitchell LLP,377.15,2981.09,3358.24,11.2,14215.16
001Vp00000V8r0VIAR,KEY RESORTS INTERNATIONAL DMCC,121.04,3198.31,3319.35,3.6,5004.89
0016100001EzrtCAAR,Ebiquity Plc,3242.8,24.49,3267.29,99.3,6987.54
0013f000008oxLdAAI,Conrad Energy,0.0,3267.24,3267.24,0.0,7018.01
001Vp00000TtDqMIAV,Interbridge Mortgages Ltd,1057.08,2209.89,3266.97,32.4,12388.02
0014N00001nfkAsQAI,Killik & Co,1738.45,1507.02,3245.47,53.6,6634.11
0016100000gKuOBAA0,RES Digital Solutions Limited,1940.78,1303.9,3244.68,59.8,47498.64
0014N00001nfDbIQAU,Foster & Partners,1393.3,1847.22,3240.52,43.0,76845.53
0013f000009eviIAAQ,MS Amlin,1.09,3232.26,3233.35,0.0,8320.11
0018Y00002veZWaQAM,Mace,0.0,3192.84,3192.84,0.0,10678.42
001Vp00000CGGLIIA5,bwc-cyberdefence.com,2514.66,678.11,3192.77,78.8,4773.94
001Vp000008zpe5IAA,OmniaMed Communications,2811.8,377.03,3188.82,88.2,8627.21
0013f000005ScCTAA0,Womble Bond Dickinson (UK) LLP,2142.42,1042.47,3184.89,67.3,38462.04
001Vp000008NlJNIA0,smg-team.com,1488.93,1694.63,3183.56,46.8,4263.69
001Vp00000ALOMXIA5,Sphere Entertainment Co.,709.19,2417.05,3126.24,22.7,15222.64
001Vp00000I4XpSIAV,DALCOUR MACLAREN LIMITED,1294.0,1787.56,3081.56,42.0,15276.33
0018Y00002m547kQAA,Ogi Wales,0.0,3076.0,3076.0,0.0,6447.43
0013f000009dyXIAAY,Brent Council,0.0,3019.53,3019.53,0.0,9534.65
001Vp0000067kacIAA,greenlocal.co.uk,0.0,3009.9,3009.9,0.0,7113.9
0016100001VcS8YAAV,AtkinsRealis,840.63,2126.19,2966.82,28.3,5758.51
0016100001UFBhWAAX,BCA Marketplace Limited,0.0,2953.3,2953.3,0.0,8686.19
0016100001OCDPyAAP,First Databank (FDB),2134.17,814.74,2948.91,72.4,6070.5
0016100001Qdu5OAAR,NATS,0.0,2876.82,2876.82,0.0,6883.94
0018Y00002fsSvsQAE,Blend360,343.92,2529.81,2873.73,12.0,20634.48
0014N00001tNbHzQAK,Wilmington Group,1588.89,1248.23,2837.12,56.0,7379.13
001Vp00000ftZTnIAM,STONEBRIDGE,1281.48,1552.32,2833.8,45.2,7735.37
0014N00001tPED4QAO,Castle Trust Bank,1504.96,1311.06,2816.02,53.4,8190.5
001Vp000003fD6NIAU,Glow Services Corp,1700.76,1107.93,2808.69,60.6,102182.77
0018Y00002vRMF7QAO,Metropolitan Police Department,43.17,2727.23,2770.4,1.6,19440.66
0014N00001nezG3QAI,TransferRoom,867.68,1890.46,2758.14,31.5,5394.17
001Vp0000038yQKIAY,Talon,0.0,2734.58,2734.58,0.0,6001.05
001Vp000006DDAVIA4,The Wildlife Trusts,311.52,2421.84,2733.36,11.4,3460.89
0018Y00002nHx3JQAS,Dufrain Consulting,568.81,2164.53,2733.34,20.8,33453.84
0014N00001nfDaUQAU,Buro Happold,140.84,2569.65,2710.49,5.2,10826.87
001Vp00000T6zzPIAR,City of London Police,1025.6,1684.43,2710.04,37.8,6429.2
001Vp0000038rx3IAA,CALEX UK LTD,210.84,2496.27,2707.11,7.8,4770.84
0013f000009dyXCAAY,Financial Services Compensation Scheme,0.0,2703.37,2703.37,0.0,6439.63
001Vp0000033hLIIAY,Anchor Housing,0.0,2624.59,2624.59,0.0,9453.94
0016100001H6kBJAAZ,Home Group,2393.04,228.06,2621.1,91.3,5782.56
001Vp0000054kXdIAI,NEBOSH,1345.43,1273.41,2618.85,51.4,14009.17
001Vp000003fGNYIA2,Carbon Cap,0.0,2598.09,2598.09,0.0,6536.56
0016100000ZcoocAAB,QueryClick,0.0,2590.51,2590.51,0.0,17210.71
001Vp000004qA5wIAE,4most,962.12,1627.23,2589.35,37.2,12386.22
0013f000009e3z0AAA,Kent County Council,0.0,2587.3,2587.3,0.0,5452.41
0018Y00002veUeAQAU,Department of Agricultural Environment and Rural Affairs (DAERA),1.49,2575.5,2576.99,0.1,6784.78
0018Y00002fr8OKQAY,TURNER & TOWNSEND,1112.95,1440.06,2553.01,43.6,4018.0
0016100001H6kCsAAJ,Forvis Mazars Group,9.36,2533.18,2542.54,0.4,5175.31
0018Y000031DnQxQAK,Ultimate Finance,1064.6,1469.99,2534.6,42.0,4788.14
0018Y00002zIozYQAS,UPP Group,1080.3,1451.89,2532.19,42.7,5191.0
00161000011bpDPAAY,BMS Group,2395.97,110.18,2506.15,95.6,7141.14
0016100001G26IKAAZ,Department for Education (DfE),10.16,2446.18,2456.34,0.4,8159.88
0018Y000036eB3jQAE,Oxera,1308.04,1145.41,2453.45,53.3,4646.09
0014N00002BA283QAD,Czarnikow Group,1474.63,974.63,2449.26,60.2,6509.46
0013f000004SBxVAAW,Rimes,871.21,1566.8,2438.01,35.7,26760.68
0018Y000036eB5BQAU,Bregal Investments,1123.4,1305.56,2428.97,46.3,6102.43
001Vp000008hYUzIAM,hotaka.io,0.0,2356.77,2356.77,0.0,3410.72
001Vp000003fJriIAE,HF SOLICITORS LLP,1900.16,455.73,2355.89,80.7,9687.47
0014N000020s69DQAQ,Hayfin Capital Management LLP,0.0,2355.61,2355.61,0.0,7742.08
0016100001SRMWFAA5,Peabody State Bank,1604.07,743.41,2347.48,68.3,5054.32
0018Y000036eArOQAU,Individual Restaurants,767.81,1569.12,2336.93,32.9,10158.59
0016100001ODdtdAAD,IQVIA  Inc.,0.0,2292.39,2292.39,0.0,8574.66
0014N00001iqoL6QAI,Babcock International Group,269.08,2006.09,2275.18,11.8,5205.02
0018Y00002vRFaHQAW,Seapeak,1261.94,1009.92,2271.86,55.5,4959.62
0018Y00002seeiiQAA,Solent NHS Trust,667.71,1601.84,2269.56,29.4,14411.14
0016100000cEXEyAAO,Nintex,1658.13,609.93,2268.06,73.1,7370.24
001Vp00000PPKLKIA5,UnifEye Ltd,811.66,1430.53,2242.19,36.2,3288.13
0016100000U5Ds3AAF,Cisco Systems  Inc.,1651.47,566.96,2218.43,74.4,5259.47
0016100001TPJetAAH,Tata Communications,18.91,2186.15,2205.06,0.9,7452.78
0014N00001g8fXnQAI,3Cloud LLC,990.51,1198.8,2189.31,45.2,6038.94
0018Y00002fr8NSQAY,MSI Reproductive Choices UK,1939.58,249.21,2188.79,88.6,4878.34
001Vp0000033bUeIAI,Fevertree Limited,14.41,2157.94,2172.35,0.7,3698.05
0016100000gJemdAAC,Publicis Groupe,0.53,2165.24,2165.77,0.0,4327.32
001Vp000005e5W7IAI,Teach First UK,1226.48,938.32,2164.81,56.7,4766.55
0016100001H6k6aAAB,allpay Limited,0.0,2147.59,2147.59,0.0,6392.82
0018Y000032TC29QAG,Expro Americas  LLC,0.0,2124.15,2124.15,0.0,6702.7
001Vp00000MgTybIAF,BRISTAN GROUP LIMITED,1386.87,732.45,2119.32,65.4,17474.51
0016100001SQzDIAA1,Pete,0.1,2104.25,2104.35,0.0,4434.13
0013f000008og8MAAQ,Fifthdelta,0.0,2102.32,2102.32,0.0,5290.19
0016100001Qci6VAAR,AvePoint,1616.27,485.19,2101.47,76.9,10032.92
0014N00001tNbA2QAK,PZ Cussons,1469.32,607.07,2076.39,70.8,17652.12
0014N00001nfDfeQAE,IDH Group,0.0,2071.12,2071.12,0.0,4340.07
001Vp000000XQzqIAG,Headfirst Global PLC,1479.36,590.14,2069.5,71.5,4173.96
0013f00000AiPBxAAN,Gloucestershire County Council,0.0,2058.27,2058.27,0.0,8987.83
001Vp00000395oPIAQ,Red Flag Alert,1560.53,486.99,2047.52,76.2,7538.46
001Vp00000EyyhGIAR,PULSANT INTERMEDIATE LIMITED,956.29,1091.06,2047.35,46.7,16426.58
0014N00001g7VqXQAU,KPMG LLP (US),1634.73,402.46,2037.19,80.2,7646.95
001Vp000003kPRZIA2,IntelliAM AI PLC,987.31,1015.55,2002.86,49.3,3947.7
0018Y00002qS3CBQA0,International Tennis Federation,736.46,1234.11,1970.57,37.4,7464.13
0018Y000031CfLcQAK,Hallo Healthcare Group,0.0,1933.43,1933.43,0.0,4435.03
0016100001WnAUpAAN,Lancashire Teaching Hospitals NHS Foundation Trust,1414.77,508.66,1923.43,73.6,30063.47
001Vp000000ZILbIAO,Ford Motor China,98.78,1789.4,1888.18,5.2,3781.48
0013f000009dyWTAAY,Wandsworth Council,1435.38,440.63,1876.01,76.5,4712.4
0018Y00002frhyGQAQ,Barnet  Enfield and Haringey Mental Health NHS Trust,429.62,1434.13,1863.74,23.1,12799.26
0013f000009g70iAAA,UK Sports Institute Limited,1530.44,326.2,1856.64,82.4,9096.53
0018Y00002yHGbVQAW,The R&A,512.81,1327.02,1839.84,27.9,5054.81
001Vp000005ycJ3IAI,Mobius,1230.05,603.91,1833.96,67.1,6424.95
0018Y00002fsSxAQAU,Arreoblue LTD,989.57,811.47,1801.04,54.9,6080.78
0013f000008odxiAAA,Auditdata A/S,0.0,1795.46,1795.46,0.0,5136.98
001Vp000005dFxIIAU,HCFX,1235.95,547.48,1783.43,69.3,3956.84
0014N000020q5PUQAY,Save the Children Federation  Inc,1553.71,221.28,1774.99,87.5,2890.78
001Vp0000033ZhSIAU,My Money Matters,157.82,1612.2,1770.02,8.9,5279.28
0018Y00002r4Z8oQAE,Macro Hive Ltd,1081.05,688.93,1769.99,61.1,3406.06
001Vp00000WvvolIAB,Bakkavor Foods Limited,347.57,1419.77,1767.34,19.7,13442.28
0014N00001tQE8RQAW,Stonegate Pub,6.35,1754.53,1760.88,0.4,4681.67
001Vp00000MbSohIAF,Newcastle Building Society,1329.91,416.49,1746.4,76.2,5364.91
001Vp00000Fp8vuIAB,South Wales Police,1389.26,353.31,1742.57,79.7,4151.24
0018Y000036eAuSQAU,Global Banking,0.0,1717.66,1717.66,0.0,5943.45
001Vp00000itEsFIAU,Deesha,355.54,1359.75,1715.3,20.7,2817.64
0016100001QciCxAAJ,Berkshire Hathaway Energy Company,993.18,671.22,1664.4,59.7,3707.31
0018Y00002yHgxgQAC,Victory Hill Capital Partners,1520.63,138.05,1658.68,91.7,4226.72
0018Y0000347JT9QAM,Canal & River Trust,643.1,1009.94,1653.04,38.9,4842.39
0013f00000AiNtvAAF,OneAdvanced IT Services Limited,622.51,1021.22,1643.72,37.9,4416.16
001Vp000001JQ00IAG,BoilerJuice,0.0,1638.44,1638.44,0.0,3113.08
0018Y00002lraEVQAY,Sportlight Technology,1008.08,598.19,1606.27,62.8,5595.62
0014N00001tNfSJQA0,Kensington Mortgages,0.0,1583.03,1583.03,0.0,3745.84
001Vp00000DVzqvIAD,Leanix  Inc.,1099.92,462.56,1562.48,70.4,5316.88
0013f0000063j4MAAQ,University of Southampton,519.42,1031.81,1551.23,33.5,29341.27
0016100001Ezon6AAB,Elastacloud,36.67,1505.45,1542.13,2.4,5187.89
0016100001QdGUmAAN,Serco,274.77,1262.47,1537.24,17.9,64311.61
0016100001H6v2PAAR,UiPath,0.0,1519.56,1519.56,0.0,8280.95
001Vp000007r6kuIAA,British Psychological Society,585.93,914.68,1500.6,39.0,5989.22
001Vp00000Lt93OIAR,Sustainware,910.95,573.76,1484.71,61.4,2610.46
001Vp0000038zssIAA,SEPLAT ENERGY PLC,0.0,1483.62,1483.62,0.0,3174.86
001Vp00000UJrnJIAT,J.W. FILSHILL LIMITED,645.08,832.79,1477.87,43.6,2193.2
0013f000009f6rVAAQ,Royal Mencap Society,143.16,1328.39,1471.54,9.7,7448.86
0013f000009fnkKAAQ,Residently,0.0,1468.63,1468.63,0.0,5706.28
0016100001F0UgBAAV,GSK,0.0,1462.93,1462.93,0.0,8537.19
001Vp0000033SUqIAM,dpr.co.uk,1276.92,185.51,1462.43,87.3,3527.42
0016100001XnYgiAAF,Immuta,128.75,1321.2,1449.94,8.9,1800.82
0014N00001nfDeCQAU,Barratt Developments,891.89,549.16,1441.05,61.9,3338.23
0013f0000063xxLAAQ,Unmapped Workspaces - EMEA,0.0,1440.94,1440.94,0.0,4254.88
001Vp00000d11DKIAY,GHANA REVENUE AUTHORITY,901.0,535.67,1436.67,62.7,2259.6
0018Y00002yHbmBQAS,Bennetts Motorcycle Services Limited,1039.99,385.5,1425.49,73.0,6455.11
001Vp0000033VvOIAU,Barnardo's,970.29,450.52,1420.81,68.3,2242.26
001Vp00000JgWYUIA3,Expert Thinking (Consulting) Limited,0.0,1414.84,1414.84,0.0,3318.43
001Vp00000HsaEXIAZ,zenbyzenith.com,1333.97,77.59,1411.56,94.5,3478.64
0016100001TNJIpAAP,Repsol  SA,952.54,456.25,1408.8,67.6,4627.07
0018Y00002m3kVAQAY,Talking Medicines,37.6,1360.06,1397.66,2.7,3689.44
001Vp000007kAYDIA2,Colibri Digital,553.55,836.26,1389.81,39.8,2363.41
001Vp0000033feaIAA,Keller Postman,662.67,723.06,1385.73,47.8,2825.69
001Vp00000LE7iWIAT,Monmouthshire Building Society,962.68,409.62,1372.3,70.2,2966.93
001Vp00000aryXaIAI,sms-plc.it,297.12,1057.23,1354.35,21.9,8358.5
0016100001cg8OfAAI,Deloitte Australia,532.61,809.58,1342.19,39.7,12463.18
0014N00001nfDqrQAE,J Murphy & Sons,0.0,1328.84,1328.84,0.0,4598.05
0018Y00002sfpT6QAI,Rhondda Cynon Taff County Borough Council,0.0,1326.02,1326.02,0.0,2857.71
0016100001XnYBjAAN,University College London,0.0,1325.54,1325.54,0.0,4521.99
001Vp00000JcLyDIAV,Shackleton Advisors,916.84,407.88,1324.72,69.2,9930.79
0018Y000036dcqmQAA,Marie Curie,300.73,1017.78,1318.51,22.8,3054.39
0016100001XoyAmAAJ,Lighthouse Document Technologies,0.0,1316.95,1316.95,0.0,3329.01
00161000005eOclAAE,DNV,0.0,1312.01,1312.01,0.0,4593.93
001Vp00000GD1xzIAD,Swiipr,0.0,1301.73,1301.73,0.0,3828.6
001Vp0000096EWBIA2,GREENWICH LEISURE LTD,94.9,1195.81,1290.71,7.4,3733.15
0016100001WoQcmAAF,Bentley Systems,0.0,1247.39,1247.39,0.0,6977.29
001Vp00000FGOvNIAX,PRI ASSOCIATION,501.14,745.94,1247.08,40.2,1940.92
001Vp00000M8NKZIA3,The In Group,242.23,994.02,1236.25,19.6,9935.69
001Vp00000Mf66WIAR,NEXGEN CLOUD LIMITED,420.32,811.45,1231.77,34.1,1955.49
0014N000027OvInQAK,Gratte,163.32,1063.17,1226.49,13.3,1576.38
001Vp0000033geAIAQ,Gravita,520.3,693.55,1213.85,42.9,2391.18
0018Y00002schE2QAI,SImpson Associates Information Services Limited,758.19,446.46,1204.65,62.9,2810.01
00161000011cKWtAAM,Dentsu US Merkle,140.58,1053.57,1194.15,11.8,3555.45
001Vp0000038xOGIAY,Outernet Global,500.37,686.02,1186.4,42.2,2040.56
001Vp0000038z1WIAQ,dataparq.com,39.79,1145.89,1185.68,3.4,1842.86
001Vp00000TMNJuIAP,Nurse Plus Bristol,479.97,678.82,1158.8,41.4,1739.68
001Vp00000BGWGvIAP,LEGAL AND GENERAL AFFORDABLE HOMES (CAPITAL) LIMITED,580.42,575.16,1155.59,50.2,2377.77
001Vp000004Qzh6IAC,itslaw.co.uk,0.0,1140.8,1140.8,0.0,2427.53
0016100001N4PMfAAN,apetito,0.0,1140.47,1140.47,0.0,4252.67
001Vp0000075w90IAA,FORTH ENERGY LIMITED,913.92,222.97,1136.89,80.4,3009.15
001Vp0000045IABIA2,John G. Russell,317.62,803.99,1121.61,28.3,2449.27
0016100001SUIRuAAP,Harrods,747.99,361.11,1109.1,67.4,9454.64
001Vp00000P2eZHIAZ,Initials CX,0.0,1106.4,1106.4,0.0,2774.0
0013f0000065ARnAAM,Geronimo Power,0.0,1105.08,1105.08,0.0,3128.35
001Vp00000Np3D7IAJ,REALSTAR INTERNATIONAL LIMITED,581.15,496.27,1077.42,53.9,2191.38
0016100001BJAHKAA5,Sagacity Solutions,837.4,238.82,1076.22,77.8,1711.0
0018Y00002yEg0JQAS,Durham County Council,0.0,1074.91,1074.91,0.0,3849.1
0018Y00002yGr5RQAS,Jersey Post,51.99,1020.44,1072.43,4.8,3367.14
0018Y00002frqshQAA,Itch Pet,0.0,1056.95,1056.95,0.0,2260.85
001Vp00000GqEaMIAV,Treefrog Consulting Ltd.,641.37,410.8,1052.17,61.0,2127.39
001Vp00000QeVvmIAF,smartcmd.tech,0.0,1048.12,1048.12,0.0,4739.9
0018Y00002fp9sRQAQ,Origin Housing,0.24,1046.19,1046.43,0.0,4038.22
001Vp000009JEzwIAG,stateraoperations.co.uk,0.0,1046.39,1046.39,0.0,2699.66
001Vp0000033Ze9IAE,Carestream Dental,0.0,1043.12,1043.12,0.0,4090.65
0013f000008oynpAAA,Flexitricity,0.0,1027.78,1027.78,0.0,3022.87
001Vp00000FGMC4IAP,virginmediao2.co.uk,1.1,1022.42,1023.52,0.1,24443.11
0018Y00003472wfQAA,Versilia Solutions,0.0,1021.75,1021.75,0.0,2583.54
001Vp00000eBV7vIAG,ratioventures.com,935.66,79.5,1015.16,92.2,1912.92
0016100001QeO2TAAV,StoneX Group Inc.,582.51,426.67,1009.19,57.7,135558.11
001Vp0000054iyuIAA,Catch22,512.29,491.12,1003.4,51.1,3158.26
001Vp00000I8E59IAF,BW: Workplace Experts,987.53,2.99,990.52,99.7,2491.24
0018Y00002qSHOdQAO,Norfolk County Council,881.25,101.4,982.65,89.7,2034.3
0016100001TPJvKAAX,Kroll,646.77,333.97,980.74,65.9,2710.13
001Vp00000d0pgoIAA,HITACHI CONSTRUCTION MACHINERY (UK) LIMITED,660.79,305.55,966.33,68.4,1925.82
0016100001Fz4CHAAZ,ARAG,827.98,130.63,958.62,86.4,1852.51
001Vp0000038xyuIAA,Anthony Nolan,507.93,449.27,957.2,53.1,1662.58
0016100001Xn72CAAR,Perkbox Limited,0.0,950.28,950.28,0.0,2794.93
0016100001XnaAMAAZ,Apexon,157.14,791.78,948.92,16.6,1294.68
001Vp00000VB2npIAD,NATIONAL CENTRE FOR SOCIAL RESEARCH,39.27,886.65,925.92,4.2,5699.13
001Vp00000LbWPpIAN,ORGANOX LIMITED,428.79,491.85,920.63,46.6,1189.23
001Vp000005IE51IAG,Heidi,449.74,453.58,903.32,49.8,1117.52
001Vp00000MDdy9IAD,petratradefinance.com,0.0,902.27,902.27,0.0,2312.63
001Vp00000Kd85VIAR,AKO CAPITAL LLP,6.85,874.46,881.31,0.8,2225.8
001Vp00000NilxNIAR,THE FOOTBALL LEAGUE OF WALES LIMITED,0.0,874.52,874.52,0.0,2572.13
001Vp00000dyw4KIAQ,FOURNET LIMITED,582.4,290.85,873.25,66.7,1431.89
0018Y00002qSi6MQAS,Interpath Advisory,0.0,867.98,867.98,0.0,2133.6
001Vp00000ZsdgFIAR,Iris Software,585.76,282.0,867.77,67.5,2055.32
0016100001Ey4nQAAR,Avanade Inc (HQ),33.72,831.79,865.51,3.9,12394.91
001Vp00000Pm8EbIAJ,Ergo Travel (UK),383.27,478.26,861.53,44.5,55268.8
001Vp00000Zu8tGIAR,ASPRIS (ARDEN) LIMITED,740.15,113.01,853.17,86.8,1946.86
0018Y0000347e24QAA,AXA Venture Partners,0.0,847.03,847.03,0.0,2017.22
001Vp00000bsLwbIAE,Spinnaker Analytics Llc,1.62,839.24,840.86,0.2,3091.88
0013f000009fBQXAA2,Coforge  Inc. (HQ),0.0,822.13,822.13,0.0,3312.0
001Vp00000SsRrGIAV,adoptfarmer.org,1.99,814.26,816.25,0.2,960.59
0018Y000031Eof0QAC,MACR Software,151.26,662.75,814.01,18.6,5628.0
0018Y000036eArPQAU,Audere Solutions,2.78,811.21,813.99,0.3,1367.13
001Vp00000HlODFIA3,MB&G Insurance,0.0,808.89,808.89,0.0,2379.08
001Vp0000038xBJIAY,Kids Planet Day Nurseries,0.0,799.79,799.79,0.0,1710.78
0016100001TPKblAAH,Norton Rose Fulbright LLP,208.32,589.38,797.7,26.1,42072.82
00161000005eOjEAAU,Boston Consulting Group (HQ),0.75,794.12,794.87,0.1,1707.31
0016100001fQSasAAG,Tokyo Electron,0.0,788.63,788.63,0.0,2359.03
0016100001VcxHhAAJ,Sonova,617.35,167.95,785.3,78.6,1887.7
001Vp00000J9LzzIAF,advisoryai.com,232.03,546.81,778.83,29.8,1136.78
0016100001WQRxKAAX,Kainos,0.39,775.74,776.13,0.0,2315.54
0018Y0000346xucQAA,Edinburgh District Council,0.0,769.52,769.52,0.0,1936.5
00161000016vlYTAAY,WPP,496.56,264.32,760.87,65.3,1607.22
001Vp00000MWKQVIA5,Newcastle Soccer League,0.0,760.71,760.71,0.0,2728.51
0016100001H5p4EAAR,Dataiku,4.77,751.29,756.06,0.6,5382.48
0014N00002BCSpyQAH,Kagool,0.0,731.19,731.19,0.0,2150.55
001Vp00000RppU2IAJ,FLR SPECTRON LIMITED,230.72,496.97,727.69,31.7,3485.44
001Vp00000QAlZoIAL,Sheffield United FC,339.66,386.64,726.3,46.8,1020.25
0014N00001nfk5dQAA,Cundall,289.58,434.27,723.85,40.0,14859.07
0018Y00002fr2p0QAA,Orbitax,0.0,706.18,706.18,0.0,2076.97
001Vp00000TK3pAIAT,Kingsley Napley,351.99,348.8,700.79,50.2,3522.66
001Vp00000GwhD9IAJ,Midland Heart,97.12,583.31,680.43,14.3,2894.31
0013f000002nL05AAE,Symend,0.0,667.58,667.58,0.0,1795.28
0018Y000031E5zkQAC,Edge Health UK,189.28,477.96,667.23,28.4,1429.45
001Vp00000Bx0x3IAB,molsondev.com,0.0,659.25,659.25,0.0,2615.77
0018Y000036eANJQA2,Go-Pak UK,298.03,360.37,658.4,45.3,1333.97
0016100000UNJboAAH,adidas AG,4.1,643.18,647.28,0.6,8876.64
001Vp00000763LlIAI,Ayasdi  Inc.,460.33,183.77,644.1,71.5,1174.54
0016100001H6kvLAAR,Queen Mary University of London,525.31,115.65,640.96,82.0,1958.71
0018Y00002kwVWHQA2,Novade Solutions Pte Ltd,174.66,453.59,628.25,27.8,1241.48
001Vp000000xCq9IAE,The Law Society of England and Wales,233.96,382.88,616.84,37.9,11441.61
001Vp00000W6Up4IAF,EQUE2 LIMITED,392.76,222.72,615.48,63.8,3467.62
001Vp000008C7NxIAK,TUBR LTD,0.0,608.0,608.0,0.0,8830.82
0013f000009efbYAAQ,Interswitch Ltd,0.0,587.38,587.38,0.0,1384.46
0016100001Ivx3TAAR,Landmark Information Group,0.0,586.14,586.14,0.0,2373.48
0018Y00002vRS5OQAW,Mersey Care NHS Foundation Trust,5.29,573.88,579.17,0.9,1675.45
0014N00001tNaz6QAC,Clinigen (Previously Idis Pharma),168.22,404.18,572.4,29.4,1645.76
0014N000027Pu3iQAC,Hachette Livre,0.0,571.17,571.17,0.0,1121.09
0013f000004T1h1AAC,SAI,179.66,389.19,568.85,31.6,1662.79
001Vp00000CYTIQIA5,openeducationai.org,0.0,567.89,567.89,0.0,1636.48
001Vp000007cgS6IAI,Sava.Health,87.46,474.39,561.85,15.6,1037.19
0014N00001iGRy0QAG,ConvaTec,16.65,541.84,558.49,3.0,7360.09
001Vp0000033c2NIAQ,WJ,141.81,408.9,550.71,25.8,1051.01
001Vp00000IbjdRIAR,algo1.ai,123.02,427.09,550.11,22.4,1096.89
001Vp000006eL79IAE,Appcentrica Inc,442.59,104.07,546.66,81.0,6544.31
0018Y00002fshUJQAY,Midlands and Lancashire Commissioning Support Unit,431.94,114.33,546.27,79.1,1431.16
001Vp00000djTQoIAM,4SYTE LTD,202.04,332.86,534.9,37.8,883.03
001Vp000003FpOnIAK,CUBICO SUSTAINABLE INVESTMENTS GP 1 LIMITED,0.0,527.25,527.25,0.0,1322.64
001Vp000003Ol7jIAC,FLIGHT CENTRE TRAVEL GROUP (EUROPEAN HOLDINGS) LTD,0.0,524.25,524.25,0.0,1937.22
001Vp0000033VidIAE,inni.co.uk,225.57,296.29,521.85,43.2,964.94
001Vp00000392cHIAQ,CUSTOMER VALUE ENGINEERING Ltd. (Trading as Intuita Consulting),199.26,316.25,515.51,38.7,2878.93
0016100001G26IoAAJ,BP - Global HQ,0.0,510.89,510.89,0.0,9195.23
0014N00001g7k8pQAA,Close Brothers,229.06,280.26,509.32,45.0,7392.55
0014N00001g7CFKQA2,Capgemini Italy,0.0,508.14,508.14,0.0,1234.25
001Vp000004HFOtIAO,SEVEN INVESTMENT MANAGEMENT LLP,320.07,187.52,507.59,63.1,1065.5
001Vp000007RGJGIA4,WHITEZIP LIMITED,0.0,489.54,489.54,0.0,1559.15
001Vp00000VoD9uIAF,CloserStill Media,268.67,212.86,481.53,55.8,859.02
001Vp00000eVqPxIAK,TCC GROUP LTD,97.67,381.56,479.22,20.4,1013.06
0018Y00002qSfbmQAC,Abp Limited,0.0,478.56,478.56,0.0,1655.92
001Vp0000038zuGIAQ,FATHOM CONSULTING INC,0.0,476.37,476.37,0.0,1018.97
0016100001XnXnmAAF,RELX Group,52.46,412.52,464.98,11.3,1411.69
0014N000027QWr5QAG,East Suffolk and North Essex NHS Foundation Trust,0.0,462.54,462.54,0.0,1511.03
001Vp00000OxRpaIAF,IPSUM CAPITAL HOLDINGS LIMITED,177.0,284.33,461.33,38.4,588.87
0013f000009dyXlAAI,Warwickshire County Council,107.81,349.49,457.29,23.6,913.31
0013f000008oiRtAAI,Pinsent Masons,110.72,343.58,454.3,24.4,7411.49
0016100001F0zLdAAJ,EG Group - EMEA,308.85,144.58,453.43,68.1,874.44
0014N00001nfk7UQAQ,First Rate Exchange,0.0,453.3,453.3,0.0,4139.64
001Vp00000Ez01WIAR,SERIOS GROUP LIMITED,185.14,254.77,439.91,42.1,721.85
0016100000Wy1oOAAR,Sub2 Technologies,0.0,439.03,439.03,0.0,939.49
0018Y000031Di52QAC,HealthHero,0.0,434.98,434.98,0.0,2072.74
0018Y00002mymfxQAA,Wincanton Plc,408.5,24.54,433.04,94.3,1089.74
001Vp0000084w0rIAA,OBAN MULTILINGUAL STRATEGY LIMITED,0.0,428.56,428.56,0.0,1260.48
001Vp000003pD9aIAE,Aptitude Advisors Limited,0.84,427.56,428.4,0.2,542.1
0013f000009egULAAY,OCS Group,0.0,426.38,426.38,0.0,6191.89
0014N00001tNbElQAK,The Restaurant Group,0.0,424.99,424.99,0.0,1377.95
001Vp000003FpoZIAS,odysse.co.uk,229.7,193.05,422.75,54.3,923.11
001Vp000008EFSfIAO,MERCURY XRM LIMITED,3.21,406.0,409.21,0.8,507.4
0018Y00002qRq8fQAC,Aerial Direct Ltd,0.0,407.81,407.81,0.0,819.39
001Vp00000ALpRZIA1,RICHMOND HOUSING PARTNERSHIP LIMITED,100.27,294.28,394.55,25.4,13978.77
0018Y00002lqXKBQA2,Ellis,0.0,390.23,390.23,0.0,1147.73
0016100001TPJy5AAH,Kearney,0.0,388.46,388.46,0.0,1142.67
0018Y00002qRfKbQAK,Brown & Brown Europe,120.62,265.53,386.15,31.2,21415.56
001Vp0000033YgVIAU,ZAHA HADID LIMITED,272.46,112.17,384.62,70.8,18722.46
0014N00001g8SVyQAM,Capgemini America  Inc.,21.11,362.59,383.7,5.5,790.0
0018Y0000347o1oQAA,Sterling Pharma Solutions,170.75,209.35,380.09,44.9,723.96
0018Y000031Di4iQAC,Orderly,246.1,126.82,372.92,66.0,1302.87
001Vp000007kWH3IAM,WITHERSLACK GROUP (HOLDINGS) LIMITED,356.97,12.81,369.78,96.5,930.55
0016100000ZcJIZAA3,McKinsey & Company (HQ),104.98,255.41,360.39,29.1,730.72
0013f000009eMxlAAE,ANS Group,190.16,170.22,360.37,52.8,959.92
001Vp0000033eE3IAI,flexicare.com,0.0,359.71,359.71,0.0,966.7
0014N00002D9JBpQAN,STATSports,97.84,260.08,357.92,27.3,781.73
001Vp0000039091IAA,natpower.com,0.0,355.97,355.97,0.0,2356.76
0018Y00002vRRlJQAW,3i Solutions shpk,0.0,352.25,352.25,0.0,3202.5
0014N00001g7UnoQAE,The Cipher Group,0.0,342.18,342.18,0.0,808.74
001Vp00000395euIAA,Factor 50,158.11,180.74,338.85,46.7,799.59
001Vp00000Ibkw6IAB,4-admin.co.uk,128.16,207.74,335.9,38.2,597.76
0016100001WowEqAAJ,The University of Nottingham,0.0,333.81,333.81,0.0,835.94
0014N00001iGe5iQAC,Merits,13.23,318.83,332.06,4.0,1136.51
001Vp00000Rf1yOIAR,Axiom Intelligence,38.67,292.33,330.99,11.7,3802.53
0013f0000065ARiAAM,National Grid USA Service Company,0.0,330.94,330.94,0.0,1288.44
0013f000005RNbeAAG,Property Market Analysis LLP,124.74,204.26,329.0,37.9,430.56
0013f0000064m6tAAA,Avanade,0.0,323.29,323.29,0.0,1049.28
001Vp000008tRpTIAU,People 2.0,121.2,200.47,321.66,37.7,4820.85
001Vp00000Nl4uHIAR,totalpolitics.com,20.74,298.61,319.36,6.5,551.66
001Vp00000YvlcyIAB,Dorset Healthcare University NHS Foundation Trust,117.86,190.85,308.72,38.2,548.08
001Vp00000f9qHXIAY,THE CHARITY BANK LIMITED,146.44,159.39,305.83,47.9,579.43
0016100001XnYzyAAF,Mott MacDonald,69.65,234.69,304.34,22.9,741.9
0016100001TPLCSAA5,CRA International,62.69,238.84,301.53,20.8,133907.5
001Vp00000dzTwHIAU,THINK FUTURE LIMITED,0.0,301.24,301.24,0.0,700.67
001Vp000009D3KiIAK,DCFC LIMITED,6.2,294.89,301.09,2.1,694.94
0016100001G26I2AAJ,SITA,129.29,169.53,298.82,43.3,2705.81
0018Y00002fruFlQAI,Peterson,0.0,298.01,298.01,0.0,643.99
0018Y00002yETSzQAO,Scottish Borders Council,0.0,296.32,296.32,0.0,1293.28
001Vp000006nC6KIAU,datavisionservices.co.uk,0.0,295.92,295.92,0.0,776.22
001Vp00000HWVV7IAP,STOKE CITY FOOTBALL CLUB LIMITED,0.0,295.65,295.65,0.0,1023.04
0016100001dRoArAAK,Covetrus,0.0,295.07,295.07,0.0,1168.4
001Vp00000YmeijIAB,AVASK GLOBAL COMPLIANCE LTD,236.05,48.05,284.1,83.1,738.85
001Vp0000033eYsIAI,bainescutler.co.uk,207.28,73.98,281.26,73.7,616.89
001Vp00000D0dTMIAZ,InFynd,18.75,260.37,279.12,6.7,1055.8
001Vp00000ZQifaIAD,britishsailingteam.com,0.0,278.83,278.83,0.0,966.87
0018Y000036e4RKQAY,IHP ANALYTICS LIMITED,0.0,274.63,274.63,0.0,1827.11
0018Y000031E2KBQA0,Credit Canary,138.83,134.93,273.76,50.7,609.57
0016100001XnYzAAAV,GHD Services,0.59,273.1,273.7,0.2,699.04
0018Y00002fpZHvQAM,Twentyci Limited,80.45,191.9,272.35,29.5,733.7
001Vp0000033gkCIAQ,Norfolk Constabulary,0.0,272.12,272.12,0.0,667.23
001Vp00000ZCTTWIA5,AGRONI RESEARCH LIMITED,161.24,104.8,266.03,60.6,443.56
001Vp00000ImCSlIAN,neptunenorth.co.uk,170.49,90.99,261.48,65.2,540.87
0018Y000032TDG5QAO,Axis Europe Plc,0.0,253.97,253.97,0.0,2343.4
001Vp00000SqJ1fIAF,mysterahealth.com,228.37,25.48,253.84,90.0,3955.58
0014N00001ndEtXQAU,CFT,0.0,248.72,248.72,0.0,834.6
001Vp0000033UHrIAM,OPTIMA CONSULTANTS LIMITED,48.1,198.11,246.21,19.5,410.74
0014N00001neyTAQAY,REED EXECUTIVE LIMITED,141.03,94.83,235.85,59.8,598.74
001Vp00000393zWIAQ,Intelligent Insurance,140.19,94.75,234.94,59.7,469.72
0016100000U5DlaAAF,Honeywell,0.0,233.66,233.66,0.0,1385.58
0018Y00002yGCv0QAG,CGI UK,82.36,143.33,225.69,36.5,378.42
001Vp00000BItiuIAD,HOLLAND MOUNTAIN GROUP LIMITED,139.34,84.38,223.72,62.3,290.53
001Vp00000DFJMIIA5,The Data Company Group Ltd,56.86,165.1,221.97,25.6,387.81
0016100001dQzbMAAS,Numerator,77.5,140.17,217.67,35.6,1017.07
001Vp0000096I3XIAU,Bluegem Capital Partners,154.19,61.17,215.36,71.6,528.02
001Vp0000033UOVIA2,sertconsulting.co,109.08,106.09,215.18,50.7,463.48
001Vp000005e5nhIAA,Joblogic,78.27,136.82,215.09,36.4,537.73
001Vp0000033e4PIAQ,Analytics 8 LTD,55.08,156.64,211.72,26.0,272.0
001Vp00000Q6pSHIAZ,NATIONAL SOCIETY FOR THE PREVENTION OF CRUELTY TO CHILDREN,62.04,143.89,205.93,30.1,305.57
0013f000008otweAAA,Ultromics Ltd,0.0,203.7,203.7,0.0,1587.95
0014N00001g8gnvQAA,TEAM Software,142.73,59.89,202.62,70.4,683.83
001Vp00000Az2gfIAB,BRISTOL WASTE COMPANY LIMITED,143.14,58.83,201.97,70.9,508.36
001Vp00000GXR6hIAH,JAWRAA CO,0.0,201.18,201.18,0.0,494.49
001Vp0000033iO0IAI,EDGEFOLIO UK LIMITED,0.0,198.53,198.53,0.0,421.81
0014N00001g7xdAQAQ,Noon,0.0,194.26,194.26,0.0,571.43
0016100001UgrMHAAZ,The Data Shed,0.0,192.2,192.2,0.0,753.74
0018Y0000348hcjQAA,Leicestershire Partnership NHS Trust,92.01,98.39,190.4,48.3,6978.1
0013f000005S3HAAA0,Exponentia.ai Private limited,0.0,186.76,186.76,0.0,3191.28
0014N00002D7jZvQAJ,Washington State Department of Health,31.25,147.08,178.33,17.5,342.92
001Vp00000MWvmTIAT,indstry.ai,0.0,175.94,175.94,0.0,627.22
001Vp0000033SG3IAM,CELEBRUS TECHNOLOGIES PLC,0.0,174.83,174.83,0.0,414.58
0013f000004RZgSAAW,Belmont Green Finance Limited,0.0,173.91,173.91,0.0,437.65
0016100000Zcov9AAB,Trend Micro,0.0,169.51,169.51,0.0,2100.62
0018Y00002vQ9nAQAS,Vitesse PSP Limited,58.35,110.09,168.44,34.6,211.5
001Vp00000gom2vIAA,pairnow.ai,65.29,100.26,165.55,39.4,268.83
0014N00001nf83yQAA,Big Village,0.0,165.28,165.28,0.0,711.07
0018Y00002seMc5QAE,CREDERA HOLDINGS LIMITED,0.0,163.83,163.83,0.0,282.47
001Vp00000d0d7oIAA,inventur.uk,0.0,162.21,162.21,0.0,477.08
0016100001DzUOqAAN,JCDecaux,0.0,160.14,160.14,0.0,470.99
0016100001aquiiAAA,Plain Concepts (HQ),0.0,159.38,159.38,0.0,330.78
0016100001WR9y0AAD,Version 1,0.0,158.62,158.62,0.0,326.08
001Vp00000UMBZvIAP,CBPE VIII INVESTCO LIMITED,39.28,118.45,157.73,24.9,230.92
001Vp0000067CPUIA2,Raaslab,47.67,109.45,157.11,30.3,249.78
0016100001SRVoQAAX,Ross,6.07,149.0,155.07,3.9,440.54
0013f000009eNNXAA2,MiiCare,0.0,149.94,149.94,0.0,718.82
001Vp000004VGW6IAO,Uinsure,0.0,149.23,149.23,0.0,902.29
00161000015I3vpAAC,Dentsu Media,0.0,144.42,144.42,0.0,531.58
001Vp000002SIYnIAO,Leumit Health Care,82.78,56.17,138.95,59.6,270.47
001Vp0000033bFqIAI,vanteceurope.com,0.0,136.7,136.7,0.0,481.08
001Vp00000f068KIAQ,Journey Hospitality,65.19,67.61,132.8,49.1,235.27
001Vp000005BPRiIAO,CAPIFY HOLDINGS LIMITED,0.0,132.62,132.62,0.0,1040.16
001Vp00000HQppyIAD,HARCUS PARKER LIMITED,70.4,61.96,132.36,53.2,224.6
0013f000009f5RGAAY,Indicium 1 (Mesh),17.4,114.23,131.63,13.2,500.65
001Vp00000bM53oIAC,revolutionise.uk.com,74.12,57.33,131.44,56.4,1174.12
0016100001D5Xc3AAF,NHS Digital,0.0,129.91,129.91,0.0,317.28
001Vp0000033hd2IAA,ocasahomes.co.uk,0.0,129.4,129.4,0.0,276.78
001Vp00000fMkfhIAC,Smarter Communities,24.49,103.43,127.92,19.1,200.88
0018Y00002frBndQAE,Hamilton Fraser,0.0,125.79,125.79,0.0,435.25
001Vp00000UJsjNIAT,XLVET UK LIMITED,68.88,55.14,124.02,55.5,251.49
001Vp00000KdO6zIAF,LB FINANCIAL SOLUTIONS LIMITED,0.0,123.7,123.7,0.0,311.28
001Vp000007qo4tIAA,University Hospital North Midlands,106.16,16.02,122.18,86.9,17905.26
0013f0000064JXgAAM,Mowi,0.0,120.64,120.64,0.0,417.44
0013f000009gLQJAA2,Sizewell C,33.55,86.34,119.89,28.0,4724.97
0018Y00002o1BZvQAM,West Sussex County Council,0.0,119.8,119.8,0.0,334.19
001Vp000003vnC7IAI,YORK ST JOHN UNIVERSITY,118.26,0.49,118.75,99.6,292.63
001Vp00000adiVzIAI,Viticulture LLC,25.86,92.53,118.39,21.8,210.66
001Vp00000UwEzGIAV,usshq.co.uk,42.33,75.49,117.82,35.9,4620.13
001Vp0000033hK2IAI,AMEK INVESTMENTS (CENTRAL LONDON) LIMITED,0.0,116.56,116.56,0.0,342.81
0016100001fQcT4AAK,National Records of Scotland,54.1,61.15,115.24,46.9,290.01
001Vp00000cbcGbIAI,martleycap.com,44.08,69.8,113.88,38.7,223.29
001Vp000005yqbzIAA,aviationsustainabilityforum.com,32.64,80.0,112.64,29.0,151.69
0016100001XnatzAAB,Aurizon,102.16,10.21,112.37,90.9,372.44
001Vp00000EKnJ3IAL,pontistechnology.com,0.0,111.01,111.01,0.0,328.3
0013f000009dxZaAAI,SG Fleet,28.48,80.55,109.03,26.1,13421.29
0016100001Qceu9AAB,Alvarez & Marsal,0.0,106.56,106.56,0.0,357.78
001Vp00000GqDKwIAN,ENCORE SEARCH (LONDON) LLP,85.28,21.23,106.52,80.1,227.85
001Vp0000033iZDIAY,Perenna,0.0,102.62,102.62,0.0,217.49
001Vp00000PLkWLIA1,Avicenatech  Corp.,0.0,102.1,102.1,0.0,224.68
001Vp00000LtL69IAF,MISSION AVIATION FELLOWSHIP INTERNATIONAL,0.0,100.64,100.64,0.0,215.28
0014N00001tNZTvQAO,FDM Group,0.0,98.73,98.73,0.0,455.49
001Vp00000dcoyFIAQ,NUBREED HOTELS LTD,37.03,60.5,97.53,38.0,1623.62
0018Y00002pLoRcQAK,Ernst & Young GmbH,81.44,12.02,93.47,87.1,221.16
0018Y00002pLZRJQA4,RoundShield,0.0,93.41,93.41,0.0,323.2
001Vp000008hj3jIAA,payine.com,0.0,93.01,93.01,0.0,321.82
0016100001YhaFpAAJ,Altius aquired by Avanade,0.0,92.86,92.86,0.0,233.47
0016100001EyiyuAAB,EXL Service,33.32,59.26,92.58,36.0,2402.49
0013f000009eYmCAAU,Crezco,43.37,48.04,91.41,47.4,150.04
0018Y00002scE7PQAU,ERNST & YOUNG LLP,5.72,85.37,91.09,6.3,217.7
0013f000009dyX7AAI,Office of the Police and Crime Commissioner of Leicestershire (OPCC),0.0,90.73,90.73,0.0,305.21
001Vp00000AO5nSIAT,Krystal Clarity Ltd,12.15,77.04,89.2,13.6,128.83
001Vp00000Az2ITIAZ,bespoke-xyz.com,0.0,88.56,88.56,0.0,222.85
0016100001TPLL5AAP,Amwins Group,0.0,86.88,86.88,0.0,174.29
001Vp00000IbkZXIAZ,Latus Group,24.98,61.65,86.62,28.8,13412.04
0014N00001g8ztUQAQ,Brown & Brown Insurance,3.7,82.16,85.87,4.3,1409.36
001Vp00000QCAPhIAP,LOOKTHRU LIMITED,45.34,40.51,85.85,52.8,135.84
001Vp00000ZsoF1IAJ,HEALTH NWE LIMITED,37.3,48.24,85.54,43.6,201.19
0018Y000036fLEmQAM,Commonwealth Secretariat,48.84,36.3,85.14,57.4,168.97
001Vp00000cbiFWIAY,ACCESSIBLE INTELLIGENCE LIMITED,22.3,62.57,84.86,26.3,173.63
001Vp00000EKne1IAD,CONTENGO LTD,0.0,83.24,83.24,0.0,174.69
001Vp000003FZVVIA4,wearehypercube.com,5.82,73.54,79.36,7.3,113.98
0013f0000043IMzAAM,Mastek Limited (HQ),0.0,79.23,79.23,0.0,180.96
001Vp000007pyisIAA,Inference Group Ltd,8.3,70.34,78.64,10.6,108.2
001Vp000003fICLIA2,Hippo Digital,40.59,37.51,78.1,52.0,99.17
001Vp000006nFgrIAE,NATIONAL TRAINING COMPANY LIMITED,0.0,75.05,75.05,0.0,378.66
0014N00001nfk1lQAA,Together Financial Services Limited,26.62,46.99,73.6,36.2,13390.03
0018Y00002m54iEQAQ,Little Journey,0.05,72.73,72.78,0.1,97.15
0016100001XnYnOAAV,Actuant,66.47,5.31,71.78,92.6,139.63
0016100001WnAAxAAN,Somerset NHS Foundation Trust,0.0,69.86,69.86,0.0,164.86
0018Y00002seFc5QAE,System,27.64,39.54,67.19,41.1,129.54
0016100001BItC1AAL,A2Dominion Group,0.0,66.19,66.19,0.0,162.83
001Vp0000033VLzIAM,MAZETIME LTD.,0.0,65.67,65.67,0.0,435.29
001Vp0000033VKGIA2,datawalk.co.uk,24.82,39.29,64.1,38.7,101.04
001Vp0000054fBYIAY,WAKE MEDIA GROUP LIMITED,16.5,46.82,63.31,26.1,126.36
001Vp00000DFO2YIAX,brightstonesolutions.co.uk,15.61,47.27,62.87,24.8,78.85
00161000019qS67AAE,Stantec,0.0,62.46,62.46,0.0,4525.16
001Vp00000Qnq6ZIAR,Cartrefi Cymunedol Gwynedd,0.0,62.41,62.41,0.0,149.4
0014N000020qoG6QAI,Elysium Healthcare,60.72,0.29,61.01,99.5,130.56
0016100000U5DvCAAV,Halliburton,0.17,60.61,60.78,0.3,4525.01
001Vp00000FGNhaIAH,alumno.unlam.edu.ar,2.04,56.67,58.71,3.5,81.92
0016100001H6k8zAAB,Electricity North West,27.18,30.77,57.96,46.9,71.77
0014N00001tQE66QAG,SLR,9.64,47.96,57.6,16.7,102.18
001Vp00000achNSIAY,iquoteltd.com,0.0,57.34,57.34,0.0,168.66
0016100001EzrqSAAR,Cubic,4.6,52.63,57.23,8.0,113.28
001Vp00000CKWT3IAP,uhxel.net,15.07,42.15,57.22,26.3,106.94
0014N00001zBVhoQAG,Ofgem,15.8,40.92,56.72,27.9,85.5
0016100001N3VlAAAV,Informa,0.0,56.71,56.71,0.0,166.78
001Vp0000033VZ4IAM,LYKUS TECHNOLOGIES LIMITED,12.96,42.26,55.22,23.5,125.14
001Vp00000XukRmIAJ,Lightrock LLP,11.22,43.87,55.09,20.4,93.81
001Vp000003FmfTIAS,CATALYTICS DATUM PRIVATE LIMITED,0.0,54.61,54.61,0.0,191.02
0016100001Dy5h7AAB,The Rank Group,0.0,54.31,54.31,0.0,187.94
0016100001G29sBAAR,MultiChoice,22.27,30.85,53.12,41.9,92.91
0016100001ODYqIAAX,Persistent Systems Limited,0.0,52.56,52.56,0.0,150.1
0018Y0000347GBRQA2,Orkes Inc.,33.27,17.87,51.14,65.1,93.97
001Vp00000L7o2QIAR,BIG BUSINESS WINS LIMITED,0.0,50.28,50.28,0.0,173.98
001Vp00000hDFoTIAW,G'S FRESH MUSHROOMS LIMITED,0.0,50.11,50.11,0.0,107.92
0014N00001iHAGbQAO,City Facilities Management,6.64,42.68,49.32,13.5,134.53
0013f0000064r7XAAQ,Compleat Software,0.0,49.32,49.32,0.0,145.06
0018Y00002kw7EJQAY,Distributed Analytics Solutions,22.73,26.21,48.94,46.4,110.24
001Vp0000033VnOIAU,XYENTA LIMITED,0.06,48.61,48.67,0.1,75.27
001Vp000003FlQBIA0,uptitude.cloud,7.98,40.59,48.58,16.4,309.74
001Vp00000YKChRIAX,iace.mod.gov.uk,31.69,15.89,47.58,66.6,155.65
001Vp000004QaDrIAK,FOIL Limited,1.22,46.3,47.52,2.6,67.29
001Vp00000390FPIAY,SOFTWIRE TECHNOLOGY LIMITED,15.76,31.48,47.24,33.4,136.66
0018Y00002kwiWDQAY,Springpeople,14.68,31.92,46.6,31.5,99.73
0018Y000032TTshQAG,Midlands Partnership University NHS Foundation Trust,0.0,46.41,46.41,0.0,166.17
00161000016unapAAA,Campbell,0.0,46.4,46.4,0.0,214.07
001Vp00000gDXAtIAO,syntheticr.ai,34.54,11.69,46.23,74.7,157.59
0016100001QfHVqAAN,Jellyvision,16.85,29.35,46.2,36.5,75.58
001Vp00000Qpr6bIAB,moodly.education,0.69,44.9,45.59,1.5,70.59
001Vp00000PLn7kIAD,BASAMH TRADING AND INDUSTRIES GROUP,14.19,30.96,45.16,31.4,55.92
001Vp00000V0K3lIAF,hikrutech.com,14.53,30.07,44.6,32.6,70.13
001Vp00000as4ukIAA,BLUEPRINT HOLDINGS (MALTA) LTD,11.85,32.64,44.49,26.6,65.24
0014N000027QibZQAS,Sony Electronics SG,1.03,43.3,44.33,2.3,107.63
0016100000U5DviAAF,Cognizant Technology Solutions (HQ),12.2,31.93,44.13,27.7,166.19
001Vp00000JjGDuIAN,barcanet.com,17.37,26.66,44.03,39.5,88.27
0016100001H5GSCAA3,Skanska,10.76,32.61,43.36,24.8,71.95
0016100001SR6UHAA1,Stark,0.0,43.05,43.05,0.0,101.38
001Vp00000YMCmyIAH,inheritec.co.uk,0.0,42.91,42.91,0.0,126.2
001Vp0000033UBMIA2,GAMA HEALTHCARE CORPORATION LIMITED,0.0,42.63,42.63,0.0,107.27
001Vp00000dz7KjIAI,AUDACIA CONSULTING LIMITED,13.37,28.85,42.22,31.7,83.92
001Vp00000cvNrdIAE,ENGAUGE CONSULTING LLP,25.52,16.48,42.0,60.8,93.89
0018Y00002m547VQAQ,iQ Student Accommodation,36.58,4.52,41.09,89.0,97.43
0016100000U5DpQAAV,CBRE,28.54,11.78,40.32,70.8,87.4
0013f000004PokVAAS,Microlise,9.06,31.2,40.26,22.5,56.25
0014N000020plXcQAI,Capital On Tap,0.0,39.64,39.64,0.0,53.59
001Vp00000byvMJIAY,illuminatingcontext.com,10.98,28.19,39.17,28.0,67.25
001Vp0000059FwDIAU,clickflow.co.uk,0.0,38.84,38.84,0.0,81.81
001Vp00000eOzOHIA0,rivieratravel.tech,18.86,19.84,38.7,48.7,98.5
001Vp00000XVhFNIA1,dbax.co.uk,4.48,33.44,37.91,11.8,78.2
0016100001TPL0RAAX,UNIT4,26.61,11.18,37.79,70.4,92.92
001Vp00000JIFNVIA5,University of Toronto,13.18,24.55,37.73,34.9,82.2
0016100001H6O2wAAF,Next Retail Ltd,0.41,37.27,37.68,1.1,86.38
0018Y000036cxonQAA,esynergy Solutions Limited,0.0,37.59,37.59,0.0,91.37
0016100001aqtfPAAQ,Civica,0.0,37.31,37.31,0.0,176.14
0016100001BItGvAAL,Lagardère,0.0,37.3,37.3,0.0,76.2
0013f000008ojMNAAY,WinWire Technologies,13.5,23.0,36.5,37.0,75.97
0014N00001iq0hSQAQ,Lean Staffing Solutions,0.0,34.55,34.55,0.0,74.31
001Vp00000ddEsfIAE,planai.co,0.0,34.29,34.29,0.0,100.86
001Vp00000fbDebIAE,schetiger.com,9.21,24.32,33.53,27.5,53.26
001Vp00000L7p3JIAR,MINDGARD LTD,1.82,31.32,33.14,5.5,73.43
0016100001TPJv0AAH,Neo4j  Inc.,6.84,26.24,33.08,20.7,56.65
0016100001BKxueAAD,Rolls-Royce,4.85,27.1,31.95,15.2,64.08
001Vp0000038qrFIAQ,gladstonesoftware.cloud,0.0,31.77,31.77,0.0,134.18
001Vp0000038xhUIAQ,btopenworld.com,0.17,31.5,31.66,0.5,64.73
0018Y00002yGJBwQAO,CIRCANA  INC.,5.32,26.34,31.66,16.8,49.67
0014N00001g8howQAA,Tata Consultancy Services Asia Pacific Pte. Ltd.,3.77,27.42,31.19,12.1,45.47
001Vp00000FZ7h8IAD,THE OASIS HEALTHCARE GROUP LIMITED,2.85,28.29,31.15,9.2,69.51
001Vp00000UgOCjIAN,Klipboard,6.27,24.32,30.59,20.5,40.26
001Vp00000fl6buIAA,philwoolger.co.uk,15.25,14.59,29.84,51.1,45.97
001Vp00000VdabJIAR,KINSETSU LIMITED,0.37,29.07,29.44,1.3,61.63
001Vp0000038uLKIAY,ASTUTE ELECTRONICS LIMITED,0.0,29.4,29.4,0.0,73.99
001Vp00000bsGDmIAM,AMARTI LTD,11.37,17.93,29.31,38.8,43.9
0016100001Qci8lAAB,The University of Texas System,4.62,24.48,29.1,15.9,63.94
0016100001Fyv3FAAR,DXC Technology (HQ),5.74,22.97,28.71,20.0,59.31
001Vp000004TJDFIA4,SATVA SOFTECH LTD,25.75,2.67,28.42,90.6,4472.33
001Vp00000hdwhnIAA,JJ & TEAM LIMITED,6.19,21.6,27.8,22.3,44.69
0013f000005SWJsAAO,Hovis Ltd,0.0,27.74,27.74,0.0,69.8
0013f00000642QkAAI,Espire Infolabs Ltd. (HQ),0.01,27.49,27.5,0.0,42.58
0016100001Yhm9RAAR,UK Hydrographic Office (UKHO),4.45,22.53,26.98,16.5,39.14
001Vp00000TrcxjIAB,COLOURS OF DATA LTD.,10.85,15.6,26.44,41.0,41.83
0018Y00002qSHMDQA4,University of Ulster,0.0,26.24,26.24,0.0,77.18
001Vp00000Ez3NXIAZ,gblsbo.cloud,1.03,24.74,25.77,4.0,45.95
0016100001DwVLWAA3,MTN Group,0.0,25.52,25.52,0.0,66.58
0018Y00002qShTIQA0,Intelligent Debt Management,6.35,18.94,25.28,25.1,37.11
0016100001F1VhYAAV,GlobalLogic,0.0,24.99,24.99,0.0,42.93
001Vp00000IbqVFIAZ,CLOUDS CHOICE LIMITED,14.97,9.72,24.69,60.6,44.26
0016100001fQSa4AAG,Tata Consultancy Services (HQ),0.0,24.53,24.53,0.0,105.94
0016100001TPGR9AAP,PwC EMEA,2.42,21.88,24.3,10.0,59.16
0018Y00002qSFu8QAG,Maritime Strategies International Ltd,0.0,23.98,23.98,0.0,51.3
001Vp000004R3h3IAC,Funded Trading Plus,8.8,14.99,23.79,37.0,34.25
0016100001EzsauAAB,element61,0.0,23.21,23.21,0.0,46.14
0014N00001woM3hQAE,Fujisoft Incorporated,0.46,22.62,23.08,2.0,38.07
001Vp0000033YgGIAU,NETWORK HOUSING GROUP LIMITED,0.0,22.93,22.93,0.0,201.18
001Vp00000fVYp2IAG,4threvolution.co.uk,4.08,18.84,22.92,17.8,35.63
0013f000004TBuwAAG,SNP Technologies  Inc.,0.0,22.66,22.66,0.0,394.6
0013f00000AiP8FAAV,University of East London,0.0,22.23,22.23,0.0,47.47
001Vp0000038yNMIAY,desaprendiendo.net,13.28,8.67,21.95,60.5,27.51
001Vp00000LDaWLIA1,acog.aero,0.0,21.73,21.73,0.0,63.93
0016100001D82nxAAB,Accenture Federal Services,2.16,18.77,20.93,10.3,44.73
0018Y000036fSVsQAM,BCIS LIMITED,0.0,20.58,20.58,0.0,51.78
001Vp00000CPAq5IAH,Xceedance Inc.,0.0,20.33,20.33,0.0,74.85
0018Y00002vRCxiQAG,Best In BI Solutions SL,0.0,19.09,19.09,0.0,86.79
0016100001XnZVrAAN,Eze Castle Integration  Inc.,0.0,18.61,18.61,0.0,42.28
0014N00001g7mlAQAQ,Anaconda  Inc.,0.0,18.33,18.33,0.0,38.68
0016100001YgBp3AAF,G Adventures,0.0,18.2,18.2,0.0,53.3
0013f000003nzKeAAI,NATE,0.0,18.13,18.13,0.0,38.78
001Vp00000dsIAUIA2,The Dot Consulting Collective Limited,0.0,17.54,17.54,0.0,51.58
001Vp00000YvqZOIAZ,HORBATH TECHNOLOGIES S A S,9.28,8.16,17.44,53.2,27.59
001Vp00000KkEEAIA3,NORTH PARK DATA LTD,1.25,16.17,17.41,7.2,32.41
001Vp00000dWP86IAG,datagyle.com,8.01,9.36,17.37,46.1,32.52
001Vp0000045P5FIAU,onet.pl,0.0,17.32,17.32,0.0,33.48
0016100001fQcWHAA0,Scottish Government,0.0,17.19,17.19,0.0,43.25
0016100001WR9wOAAT,Cognizant UK,13.43,3.56,16.99,79.0,47.81
001Vp00000IbqrrIAB,londoninnovationlabs.com,4.85,11.77,16.62,29.2,40.67
001Vp0000033efIIAQ,student.uwl.ac.uk,0.0,16.52,16.52,0.0,21.63
0016100000U5Dl0AAF,Marsh McLennan,0.0,16.45,16.45,0.0,42.91
0018Y000036fS5kQAE,Inver Re,0.0,16.36,16.36,0.0,56.42
001Vp0000033hLHIAY,GUILDHAWK LIMITED,0.0,16.11,16.11,0.0,126.36
001Vp00000ghxbKIAQ,beargroup.uk,1.44,14.52,15.96,9.0,25.51
0016100001H4cFhAAJ,SoftServe,0.0,15.86,15.86,0.0,27.17
00161000016umANAAY,EPAM Systems,1.18,14.35,15.52,7.6,23.37
001Vp00000GIMs6IAH,CLS HOLDINGS PLC,0.0,15.14,15.14,0.0,44.54
001Vp00000VZthWIAT,trend-labs.co.uk,4.39,10.74,15.12,29.0,20.36
001Vp00000R9pYPIAZ,EG ON THE MOVE LIMITED,4.08,10.67,14.75,27.7,28.27
0016100001EzK0hAAF,LogicMonitor,0.0,14.7,14.7,0.0,25.29
0016100001SQS4kAAH,University of North Texas Health Science Center,0.0,14.55,14.55,0.0,21.69
0016100001H6k7aAAB,Brooks Macdonald,0.0,14.44,14.44,0.0,42.47
0013f000004S4YKAA0,Netcetera AG,13.26,1.13,14.39,92.2,30.78
001Vp00000HQyLJIA1,SEALSTONE LIMITED,2.79,11.5,14.29,19.5,24.11
0018Y00002sbmu7QAA,Asper.ai,1.01,13.26,14.27,7.1,21.7
001Vp000004AdU6IAK,Paltech Consulting Private Limited,4.64,9.38,14.02,33.1,20.5
001Vp00000aRRh1IAG,CYBIT GROUP LIMITED,0.0,13.55,13.55,0.0,39.85
0014N00001ip6SSQAY,Neudesic,1.39,11.62,13.01,10.7,23.07
0013f000004TB99AAG,ISG Technology LLC,0.0,12.94,12.94,0.0,27.77
001Vp000006Di6OIAS,FINOVA CAPITAL PRIVATE LIMITED,0.0,12.79,12.79,0.0,37.62
0014N00002BE1DfQAL,CGI,0.0,12.64,12.64,0.0,33.06
0016100001TPKV9AAP,SC Johnson & Son,0.0,12.49,12.49,0.0,32.93
001Vp0000033bPoIAI,INCIPER LIMITED,0.0,12.43,12.43,0.0,26.29
001Vp00000iTmzFIAS,mythsmiths.co.uk,2.51,9.76,12.27,20.4,18.5
001Vp00000L7g3HIAR,live.com,2.41,9.62,12.03,20.0,21.58
001Vp00000XadSuIAJ,digitalcastanea.net,5.41,6.54,11.95,45.2,20.39
0013f000008oyKqAAI,BigBear.ai,2.51,9.15,11.66,21.5,26.51
001Vp00000394KiIAI,I T Vet,0.0,11.65,11.65,0.0,40.32
001Vp00000JgccHIAR,differentialanalytics.com,0.0,11.64,11.64,0.0,34.23
0016100001TPKYXAA5,Northeastern University,0.0,11.51,11.51,0.0,24.62
001Vp00000h01oAIAQ,MIDDLESBROUGH COLLEGE,0.0,11.42,11.42,0.0,21.01
001Vp000008RJouIAG,Intelligent AI,0.0,11.35,11.35,0.0,25.97
001Vp00000BecZmIAJ,OneTwo Tech,0.0,11.18,11.18,0.0,32.88
001Vp0000033eFRIAY,MALLA REDDY COLLEGE OF ENGINEERING & TECHNOLOGY,0.52,9.67,10.19,5.1,15.68
0018Y0000348bpMQAQ,Reverse Logistics,0.0,9.87,9.87,0.0,15.29
001Vp00000iCmpAIAS,cco.com,3.39,6.26,9.65,35.1,15.08
001Vp0000033b9eIAA,ESRI UK,0.0,9.61,9.61,0.0,35.06
0016100001IuPMzAAN,Capgemini S.A. (HQ),0.0,9.47,9.47,0.0,19.47
001Vp0000033UPrIAM,ARNOLD CLARK AUTOMOBILES LIMITED,0.0,9.41,9.41,0.0,27.69
0016100001SQV2mAAH,Justin,0.85,8.45,9.31,9.2,18.52
001Vp00000ib7XTIAY,REDCOMPASS LIMITED,0.0,9.22,9.22,0.0,14.47
001Vp00000TK1vOIAT,br.trident-energy.com,4.11,4.98,9.09,45.2,25.25
0018Y00002fr75sQAA,Anova,0.41,8.49,8.9,4.6,16.2
00161000005eOe6AAE,Deloitte Consulting (HQ),0.24,8.42,8.66,2.8,2225.37
0018Y00002scYCiQAM,COGNIZANT WORLDWIDE LIMITED,0.0,8.54,8.54,0.0,13.34
001Vp00000KSxbCIAT,marsantech.net,0.0,8.37,8.37,0.0,31.42
0014N00001ndEulQAE,Grant Thornton,0.0,8.22,8.22,0.0,14.1
0014N00001zBVjtQAG,University of Texas - Dallas,0.0,7.88,7.88,0.0,16.84
001Vp00000392ycIAA,godeltech.com,0.0,7.77,7.77,0.0,13.03
001Vp00000cvJo1IAE,DEEPER THAN BLUE GROUP LIMITED,1.92,5.82,7.74,24.8,15.86
0016100001EzmreAAB,Euromonitor International,2.29,5.33,7.62,30.0,15.57
0016100001BKNmhAAH,Commerzbank,0.0,7.61,7.61,0.0,14.54
001Vp00000focQgIAI,corp.energyone.com,0.2,7.4,7.6,2.7,10.2
0014N00001wsPBqQAM,Colart,0.0,7.54,7.54,0.0,22.18
0018Y00002vQllAQAS,CHURCH OF ENGLAND CENTRAL SERVICES,0.0,7.48,7.48,0.0,33.04
001Vp0000038qpTIAQ,michiels.me.uk,1.17,6.11,7.28,16.0,17.03
001Vp000004xdnqIAA,student.univaq.it,0.0,7.27,7.27,0.0,15.54
001Vp00000Sfo3zIAB,THE INFORMATION LAB ITALIA SRL,0.0,7.11,7.11,0.0,10.59
001Vp000007dKyxIAE,Coreflex Solutions Inc.,2.67,4.38,7.05,37.8,14.6
0016100000U5DuXAAV,Salesforce.com,0.0,6.97,6.97,0.0,10.16
0013f000004Soe3AAC,EPAM Systems Inc (Dev sandbox),2.93,4.02,6.95,42.2,15.17
001Vp000005XAvbIAG,DAMM ENVIRONMENTAL HOLDINGS LIMITED,0.0,6.88,6.88,0.0,14.73
001Vp00000ZcEvRIAV,staveley.org,3.91,2.84,6.74,57.9,14.41
001Vp00000AeGi2IAF,etu.u-paris.fr,0.0,6.62,6.62,0.0,19.46
001Vp0000038tnSIAQ,DATAHAI BUSINESS INTELLIGENCE SOLUTIONS LIMITED,2.91,3.64,6.55,44.4,11.27
0016100000cF386AAC,Health Care Service Corporation (HCSC / Blue Cross and Blue Shield of Illinois  Montana  New Mexico  Oklahoma & Texas),0.0,6.42,6.42,0.0,11.83
0018Y000031DD4hQAG,Cloud Formations Ltd,0.0,6.24,6.24,0.0,11.53
001Vp000004japsIAA,University Of The People,0.0,6.18,6.18,0.0,13.21
0016100001BLOW1AAP,Sainsbury's,0.0,6.08,6.08,0.0,17.11
001Vp00000bK5CjIAK,FUNERAL SAFE LTD,0.0,6.05,6.05,0.0,14.43
0016100001TPLE9AAP,Mphasis,0.0,6.02,6.02,0.0,12.87
0018Y00002fsD9oQAE,AlphaFMC,3.71,2.3,6.01,61.8,11.26
001Vp0000033bftIAA,Bridewell,0.0,5.94,5.94,0.0,44.28
001Vp00000ByLctIAF,external.generation.org,0.0,5.94,5.94,0.0,17.47
00161000005eOcIAAU,Palantir Technologies Inc.,0.0,5.92,5.92,0.0,12.47
0016100001ZWixZAAT,National Audit Office,0.0,5.59,5.59,0.0,8.81
001Vp00000Get4iIAB,Opple Lighting,0.0,5.49,5.49,0.0,12.81
001Vp00000RdZcpIAF,development.sellafieldcloud.co.uk,0.0,5.49,5.49,0.0,10.09
0013f0000065PJOAA2,Ciklum,0.31,5.17,5.48,5.7,9.87
001Vp00000XzLPWIA3,METERING & MEASUREMENT SERVICES LIMITED,1.41,4.02,5.43,26.0,8.41
0018Y000031DMUCQA4,Rplus Analytis Solutions Private Limited,0.0,5.22,5.22,0.0,8.09
0016100001ceSH2AAM,Tech Mahindra - DACH,0.0,5.19,5.19,0.0,8.53
001Vp00000eTMcgIAG,ANTARES GLOBAL HOLDINGS LIMITED,0.0,4.76,4.76,0.0,8.72
001Vp0000033fbHIAQ,South Gloucestershire Council,0.0,4.59,4.59,0.0,20.03
0016100001XnYFvAAN,Ensono,0.0,4.57,4.57,0.0,11.33
0016100001WlpaFAAR,Cambridge Consultants,4.54,0.0,4.54,100.0,9.9
001Vp0000033an2IAA,cothinks.com,0.65,3.85,4.5,14.4,6.62
001Vp00000dCLTdIAO,datapridesolutions.com,0.0,4.38,4.38,0.0,6.78
001Vp00000Sw4O5IAJ,responsiveanalytix.co.uk,0.06,4.17,4.24,1.5,9.97
0013f00000Aid1TAAR,Faculty Science Limited,0.0,4.06,4.06,0.0,8.51
001Vp00000a8JrxIAE,247 Labs Inc,0.0,4.03,4.03,0.0,8.62
001Vp00000Ppzr9IAB,agileretail.co.uk,0.05,3.97,4.01,1.2,6.46
0013f000004Qzk6AAC,International Maritime Organization,0.0,3.94,3.94,0.0,13.65
001Vp00000Usc5UIAR,PIXELFUSION LIMITED,0.0,3.92,3.92,0.0,5.87
001Vp00000BuCt8IAF,icode.dev,0.53,3.37,3.91,13.7,5.82
0014N00001g8LLOQA2,TM Forum,0.0,3.68,3.68,0.0,10.83
001Vp00000VwhHNIAZ,FIDERES PARTNERS LLP,0.0,3.68,3.68,0.0,7.34
0016100001TPJtJAAX,Confluent,0.0,3.55,3.55,0.0,6.42
0013f000002nKU9AAM,HCL Technologies Limited,0.04,3.47,3.51,1.2,6.71
001Vp0000033ZacIAE,ASPIRE SYSTEMS (INDIA) PRIVATE LIMITED,0.0,3.49,3.49,0.0,10.93
0016100001SQfFsAAL,LISA,0.0,3.35,3.35,0.0,9.85
0013f000009f8kYAAQ,Timestamp,0.76,2.51,3.26,23.2,5.05
001Vp00000hreJWIAY,ELECO PUBLIC LIMITED COMPANY,1.35,1.87,3.22,41.8,18.26
001Vp00000a2FFyIAM,CRB CUNNINGHAMS LIMITED,0.0,3.21,3.21,0.0,10.56
001Vp0000033ca8IAA,UNIVERSITY OF SUSSEX(THE),0.0,3.17,3.17,0.0,6.77
001Vp0000033bntIAA,UNIVERSIDAD COMPLUTENSE DE MADRID,0.0,3.13,3.13,0.0,9.19
001Vp00000YGadRIAT,lainebiz.fi,0.0,3.13,3.13,0.0,5.32
0016100001G26HkAAJ,Informatica,0.0,3.07,3.07,0.0,4.76
001Vp00000IBYqTIAX,blackstoncoopers.co.uk,0.88,2.14,3.02,29.2,6.18
0018Y00002qSfYOQA0,BRQ SOLUÇÕES EM INFORMATICA SA,0.0,3.01,3.01,0.0,8.84
001Vp00000CQjgyIAD,Masarykova univerzita,0.0,2.92,2.92,0.0,6.25
0016100001dRjXcAAK,Nisum Technologies,0.0,2.91,2.91,0.0,4.51
0018Y00002yEg1MQAS,Bournemouth University,0.0,2.91,2.91,0.0,6.21
001Vp00000FZ6LGIA1,tajamar365.com,0.0,2.85,2.85,0.0,6.09
001Vp000004D87RIAS,onpgroup.co.uk,0.0,2.75,2.75,0.0,8.09
001Vp0000038v7pIAA,market-emergence.com,0.61,2.13,2.75,22.3,4.65
001Vp00000395jYIAQ,johnmenzies.aero,0.0,2.68,2.68,0.0,10.51
0018Y0000349Ri4QAE,Supreme AI Solutions,0.11,2.55,2.67,4.2,4.03
001Vp00000aoRI5IAM,kyncomaislabusdev.mscloud.kyndryl.com,0.93,1.71,2.65,35.3,5.2
0018Y00002zIpE8QAK,Lumilinks,1.37,1.19,2.56,53.5,3.92
0016100001BJa81AAD,KT Cloud,0.36,2.14,2.5,14.2,4.83
001Vp00000hDHGnIAO,graemeboulton.com,0.71,1.79,2.5,28.4,4.42
001Vp0000033hgSIAQ,FACULDADE DE CIÊNCIAS E TECNOLOGIA DA UNIVERSIDADE NOVA DE LISBOA,0.0,2.44,2.44,0.0,7.17
001Vp000009A60XIAS,VERITI & CO (AG) LIMITED,1.22,1.14,2.37,51.7,5.16
0016100000d1jkpAAA,Zafin,0.32,2.01,2.33,13.6,633.12
001Vp00000HQmAhIAL,exillar.com,0.0,2.33,2.33,0.0,3.42
0016100001H6k8nAAB,GraphPad Software LLC (d.b.a Dotmatics),0.0,2.29,2.29,0.0,3.75
001Vp00000VdnChIAJ,Statsoft  Inc.,0.1,2.17,2.27,4.5,3.5
00161000011ZrC8AAK,Nokia,0.0,2.25,2.25,0.0,4.81
001Vp00000eTC6uIAG,PREMIER GATEWAY SOLUTIONS LTD,0.0,2.18,2.18,0.0,6.4
001Vp00000GBgkQIAT,TRIMONTIUM LIMITED,0.27,1.91,2.17,12.3,3.24
001Vp00000HU8CrIAL,SILICON SQUARES CONSULTING LTD,0.0,2.15,2.15,0.0,3.32
0018Y000036fKzIQAU,Ceto AI,0.0,2.14,2.14,0.0,8.24
0014N000027P2NUQA0,Stephenson Harwood,0.42,1.72,2.13,19.5,4.56
001Vp0000033bizIAA,NORTHDOOR PLC,1.18,0.92,2.1,56.2,3.47
001Vp00000L7pcnIAB,hospitalinsights.co.uk,0.0,2.1,2.1,0.0,19.4
001Vp00000c6qZ9IAI,SOCAR - State Oil Company of the Republic of Azerbaijan,0.0,2.01,2.01,0.0,2.49
0016100000QKP0uAAH,Unilever,0.0,1.99,1.99,0.0,4.04
0016100001asGRYAA2,Celebal Technologies Private Limited (HQ),0.0,1.98,1.98,0.0,4.23
001Vp00000Gq9FjIAJ,simplifydata.co.uk,0.0,1.97,1.97,0.0,5.2
001Vp00000CoWHBIA3,jersey.police.je,0.13,1.77,1.9,6.8,7.51
001Vp00000R2Iz8IAF,FRONTIER ECONOMICS LIMITED,0.29,1.61,1.9,15.2,3.36
001Vp0000033bw4IAA,data2insights.co.uk,0.0,1.89,1.89,0.0,3.84
0018Y000031DpN4QAK,Bulien LLP,1.08,0.81,1.88,57.2,3.17
001Vp0000033ZUOIA2,STORM HEALTH LTD,0.0,1.87,1.87,0.0,5.51
001Vp00000OuoihIAB,EvoNext Ltd.,0.0,1.86,1.86,0.0,4.64
0018Y00002lqFkSQAU,AL Sydbank A/S,0.0,1.85,1.85,0.0,3.95
0018Y00002kwiSHQAY,Great Lakes Institute of Management,0.69,0.98,1.66,41.2,3.08
001Vp00000fCyyMIAS,Redpanda Data  Inc.,0.0,1.63,1.63,0.0,2.02
0013f0000065HBRAA2,iLink Digital (HQ),0.0,1.62,1.62,0.0,6.37
001Vp000005g27UIAQ,Open Trading Network,1.61,0.0,1.61,100.0,2.49
001Vp00000cjTgIIAU,Nan,0.0,1.6,1.6,0.0,8.43
0016100001BItH8AAL,Lloyds Banking Group,0.0,1.59,1.59,0.0,14.36
0018Y000032TsyjQAC,Red Olive Ltd,0.0,1.58,1.58,0.0,3.38
0016100000Y4X6vAAF,Slalom Consulting (HQ),0.17,1.4,1.57,10.9,2.29
0016100001QciSbAAJ,WSP,0.0,1.53,1.53,0.0,4.69
0018Y00002scE9aQAE,DXC UK INTERNATIONAL HOLDINGS LIMITED,0.0,1.53,1.53,0.0,2.37
0016100001E08bCAAR,Surrey County Council,0.0,1.51,1.51,0.0,7.7
001Vp000005DkDXIA0,bundredsoftware.com,0.0,1.49,1.49,0.0,5.83
001Vp00000N9KTjIAN,MoonLake Immunotherapeutics AG,0.0,1.46,1.46,0.0,3.13
0016100000U5DlLAAV,NetApp,0.0,1.45,1.45,0.0,3.09
001Vp00000eOwobIAC,student.junia.com,0.0,1.44,1.44,0.0,2.58
001Vp0000033e1DIAQ,CANEI SOLUTIONS LIMITED,0.0,1.44,1.44,0.0,2.22
0018Y00002qSl0UQAS,Agilisium Consulting India Pvt. Ltd,0.0,1.4,1.4,0.0,2.99
001Vp00000cA4pFIAS,AFFINITY IFA LIMITED,0.0,1.38,1.38,0.0,4.06
001Vp00000eBWgjIAG,noavc.com,0.0,1.35,1.35,0.0,2.09
001Vp0000033f9nIAA,artfarm.com,0.0,1.35,1.35,0.0,1.99
0014N000027P2ZVQA0,Graham and Brown,0.0,1.33,1.33,0.0,2.06
0016100001H6kv8AAB,Willis Towers Watson,0.0,1.33,1.33,0.0,2.05
001Vp00000VnLSxIAN,Aspire Systems Digital Transformation Inc,0.0,1.33,1.33,0.0,2.06
001610000142FoyAAE,Talend,0.0,1.33,1.33,0.0,4.12
001Vp0000033bkoIAA,zanalytics.io,0.0,1.31,1.31,0.0,2.02
0013f0000063WehAAE,AXA SEMEA,0.0,1.22,1.22,0.0,2.08
001Vp00000gpEjtIAE,SMARTLIGHT LLC,0.0,1.19,1.19,0.0,2.54
0016100001D7Dy7AAF,Hitachi Vantara,0.0,1.17,1.17,0.0,3.33
0016100001cgx5VAAQ,Warsaw University of Technology,0.0,1.14,1.14,0.0,2.04
001Vp00000bLvSdIAK,anicsdelight.com,0.0,1.11,1.11,0.0,1.89
0014N00001g7tBHQAY,Indiana Wesleyan University,0.0,1.11,1.11,0.0,1.97
0014N00001nf869QAA,Scott Logic,0.0,1.1,1.1,0.0,2.35
001Vp00000W2Dy5IAF,RIKKEISOFT CORPORATION,0.0,1.07,1.07,0.0,1.57
001Vp00000hW2cEIAS,Nextmune AB,0.3,0.77,1.07,28.1,2.33
0016100001G26IxAAJ,MICHAEL,0.0,1.07,1.07,0.0,3.15
001Vp00000QnydaIAB,betacapital.pl,0.0,0.96,0.96,0.0,2.05
0016100001AULcRAAX,Amadeus,0.0,0.96,0.96,0.0,8833.02
001Vp00000DKvynIAD,CORE TECHNOLOGY SYSTEMS (U.K.) LIMITED,0.0,0.96,0.96,0.0,2.81
001Vp00000YGZ34IAH,amcdatasens.co.uk,0.35,0.59,0.94,37.2,1.78
0018Y00002pLgSzQAK,Bluesmith Information Systems Ltd,0.0,0.94,0.94,0.0,7.19
001Vp0000038ilZIAQ,Ai.IO (aiScout),0.0,0.91,0.91,0.0,2.68
0018Y000032TzpVQAS,TH Cologne,0.0,0.88,0.88,0.0,2.59
001Vp00000DpxORIAZ,Cognita Schools,0.0,0.87,0.87,0.0,3.39
001Vp00000Y24f6IAB,J&T Express (极兔速递),0.16,0.7,0.86,18.2,1.83
0013f000004RYUaAAO,National Physical Laboratory Limited,0.0,0.85,0.85,0.0,2.79
0013f000004SnjpAAC,Bouvet Norge AS,0.0,0.83,0.83,0.0,1.77
001Vp0000038x6MIAQ,studio.unibo.it,0.0,0.81,0.81,0.0,1.73
0018Y00002scE5yQAE,Capita PLC,0.0,0.78,0.78,0.0,6.95
001Vp00000KINicIAH,outlook.cz,0.0,0.77,0.77,0.0,1.13
001Vp00000fGIB4IAO,entutech.nl,0.0,0.74,0.74,0.0,1.09
001Vp00000dd71ZIAQ,OCEAN INFINITY INNOVATIONS LIMITED,0.0,0.74,0.74,0.0,2.17
0016100001LgvV5AAJ,Ordnance Survey (OS),0.0,0.74,0.74,0.0,1.63
0018Y0000347k7PQAQ,Acrisure International (Subsidiary Account to Acrisure LLC),0.0,0.73,0.73,0.0,1.01
0014N00001g73I6QAI,MSN,0.0,0.72,0.72,0.0,1.54
0014N00001tNbSbQAK,PayPoint,0.0,0.68,0.68,0.0,6.23
0014N000020qR8IQAU,OAG,0.0,0.68,0.68,0.0,2.01
0016100001XnkcLAAR,Thames Valley Police,0.0,0.63,0.63,0.0,1.55
001Vp00000RdO6DIAV,Aegis London,0.0,0.63,0.63,0.0,1.36
001Vp0000067jUrIAI,solv-systems.com,0.0,0.62,0.62,0.0,1.84
00161000019qozeAAA,Teleperformance Group,0.0,0.62,0.62,0.0,1.32
0018Y0000347VRVQA2,Nice Software Solutions Pvt. Ltd,0.33,0.26,0.59,55.9,1.26
001Vp00000gV64AIAS,DATAGOAT LIMITED,0.0,0.56,0.56,0.0,1.63
001Vp000004zhfIIAQ,student.mes.ac.in,0.0,0.55,0.55,0.0,0.81
0016100001cg8FsAAI,QuEST Global,0.0,0.54,0.54,0.0,0.79
001Vp0000033aGoIAI,OCTAVIUS INFRASTRUCTURE LTD.,0.0,0.54,0.54,0.0,2.5
001Vp00000gLYY0IAO,SALTS HEALTHCARE LIMITED,0.26,0.28,0.53,48.2,1.14
0018Y00002yEFQGQA4,National College of Ireland,0.0,0.52,0.52,0.0,1.12
0016100001TPKgXAAX,Georgia Tech - Georgia Institute of Technology,0.0,0.52,0.52,0.0,1.53
001Vp00000KxJO6IAN,Western Digital Corporation,0.0,0.51,0.51,0.0,0.76
0018Y000036dWShQAM,Mondra Global Limited,0.0,0.5,0.5,0.0,1.06
001Vp00000ALce7IAD,hgh1.co.uk,0.0,0.46,0.46,0.0,1.36
0016100000UNh4HAAT,Experian,0.0,0.43,0.43,0.0,3.84
001Vp0000033aepIAA,craigporteous.com,0.0,0.42,0.42,0.0,0.91
0016100001XnZEqAAN,National University of Singapore (NUS),0.0,0.42,0.42,0.0,0.99
0016100001SR2CRAA1,Andrews,0.0,0.42,0.42,0.0,1.25
0016100000U5DmTAAV,IBM (HQ),0.0,0.41,0.41,0.0,0.87
001Vp0000033j27IAA,argento-it.co.uk,0.0,0.39,0.39,0.0,2.75
001Vp00000g7Sx3IAE,VOLTWISE POWER HOLDINGS LIMITED,0.0,0.38,0.38,0.0,0.81
001Vp00000gwOg8IAE,SHARPCLOUD LIMITED,0.0,0.35,0.35,0.0,1.02
0016100001Xna14AAB,Sphera Solutions  Inc.,0.0,0.35,0.35,0.0,1.06
001Vp000006Low8IAC,student.hcmute.edu.vn,0.0,0.34,0.34,0.0,0.99
001Vp000003FdnNIAS,Hogeschool Inholland,0.0,0.31,0.31,0.0,0.91
0016100001Ugr8UAAR,Techvista Systems FZ LLC,0.0,0.28,0.28,0.0,0.59
001Vp00000irdZvIAI,beyondanalytiq.co.uk,0.0,0.28,0.28,0.0,0.6
001Vp00000eOtvZIAS,TRINITYM LIMITED,0.0,0.27,0.27,0.0,0.57
001Vp00000HQxttIAD,mail.tau.ac.il,0.0,0.26,0.26,0.0,0.41
0018Y00002yEPLvQAO,Bobsled,0.0,0.25,0.25,0.0,0.39
00161000019QY6tAAG,Rabobank,0.0,0.25,0.25,0.0,0.54
0014N00002D7YnMQAV,Showmax,0.0,0.24,0.24,0.0,0.52
0014N00001g7s15QAA,ActiveViam,0.17,0.06,0.23,72.3,0.49
001Vp00000W1u97IAB,INDIGOEDEN CONSULTING LTD,0.0,0.22,0.22,0.0,2208.47
0016100001BLyq8AAD,Eni,0.0,0.18,0.18,0.0,0.52
001Vp000006XPPBIA4,alumni.mioti.es,0.0,0.17,0.17,0.0,0.49
0013f00000642HWAAY,Birla Institute of Management Technology,0.0,0.17,0.17,0.0,0.36
001Vp000004zgy8IAA,Eötvös Loránd Tudományegyetem,0.0,0.17,0.17,0.0,0.49
0016100000d2ezpAAA,Commvault,0.0,0.15,0.15,0.0,0.27
00161000019qXQwAAM,JR Simplot Company,0.0,0.15,0.15,0.0,0.43
0018Y00002sd2khQAA,MCKINSEY & COMPANY INC UNITED KINGDOM,0.0,0.14,0.14,0.0,1.29
0016100001XnYgSAAV,The University of Edinburgh,0.0,0.13,0.13,0.0,0.27
0018Y00002kwiSfQAI,BITS Pilani - India,0.0,0.13,0.13,0.0,0.27
0016100001SQgHQAA1,Amal,0.0,0.13,0.13,0.0,0.27
001Vp00000fJF5QIAW,sacredkart.com,0.0,0.06,0.06,0.0,0.13
None,,0.0,0.06,0.06,0.0,104317.76
0016100001TPKPtAAP,University of Illinois at Urbana-Champaign,0.0,0.05,0.05,0.0,0.12
0013f00000AiHbuAAF,SDG Group (HQ),0.0,0.05,0.05,0.0,0.16
0013f000009gEWoAAM,Paradigma Digital S.L.,0.0,0.02,0.02,0.0,0.04
001Vp00000dFcD0IAK,kositech.co.uk,0.0,0.01,0.01,0.0,0.03
0018Y00002qRsFLQA0,The Data Crew,0.0,0.0,0.0,None,4416.0
0016100000d0N03AAE,MILLIMAN,0.0,0.0,0.0,None,2208.0
0014N00001iqo7YQAQ,The Oakland Group,0.0,0.0,0.0,None,2208.0
0018Y000032TDxPQAW,Warwickshire Police,0.0,0.0,0.0,None,4416.0
0018Y000036cqqMQAQ,Arkahna Pty Ltd,0.0,0.0,0.0,None,444.0
0016100001fQSWLAA4,Mubadala Investment Company,0.0,0.0,0.0,None,2208.0
00161000011ZjBDAA0,General Atlantic,0.0,0.0,0.0,None,2208.0
0018Y00002m3yY8QAI,Pendragon PLC,0.0,0.0,0.0,None,2.0
0018Y00002lqTPbQAM,Multiplex,0.0,0.0,0.0,None,13248.0
001Vp000005WDlkIAG,APTITUDE SOFTWARE GROUP PLC,0.0,0.0,0.0,None,83904.0
001Vp00000dsHMxIAM,Waterstons Ltd,0.0,0.0,0.0,None,834.0
001Vp00000JwjRjIAJ,patton-filson.com,0.0,0.0,0.0,None,180.0
001Vp00000Bt3QWIAZ,Save the Children,0.0,0.0,0.0,None,17664.0
001Vp00000V0nDRIAZ,techknowline.com,0.0,0.0,0.0,0.0,0.07
